Country,Total populationa (000s) / Male,Total populationa (000s) / Female,Total populationa (000s) / Both sexes,Life expectancy at birthb (years) / Male,Life expectancy at birthb (years) / Female,Life expectancy at birthb (years) / Both sexes,Healthy life expectancy at birthb (years) / Male,Healthy life expectancy at birthb (years) / Female,Healthy life expectancy at birthb (years) / Both sexes,Maternal mortality ratioc (per 100 000 live births),Proportion of births attended by skilled health personneld (%),Under-five mortality ratee (per 1000 live births),Neonatal mortality ratee (per 1000 live births),New HIV infectionsf (per 1000 uninfected population),Tuberculosis incidenceg (per 100 000 population),Malaria incidenceh (per 1000 population at risk),Hepatitis B surface antigen (HBsAg) prevalence among children under 5 yearsi (%),Reported number of people requiring interventions against NTDsj,"Probability of dying from any of CVD, cancer, diabetes, CRD between age 30 and exact age 70k (%)",Suicide mortality ratek (per 100 000 population),Total alcohol per capita (≥ 15 years of age) consumptionl (litres of pure alcohol),Road traffic mortality ratek (per 100 000 population),Proportion of women of reproductive age who have their need for family planning satisfied with modern methodsm (%),Adolescent birth raten (per 1000 women aged 15–19 years),Adolescent birth raten (per 1000 women aged 10-14 years),UHC: Service coverage indexo,Population with household expenditures on health > 10% of total household expenditure or incomep (%),Population with household expenditures on health > 25% of total household expenditure or incomep (%),Age-standardized mortality rate attributed to household and ambient air pollutionq  (per 100 000 population) ,Mortality rate attributed to exposure to unsafe WASH servicesr (per 100 000 population),Mortality rate from unintentional poisoningk (per 100 000 population),Age-standardized prevalence of tobacco use among persons 15 years and olders  (%) ,Diphtheria-tetanus-pertussis (DTP3) immunization coverage among 1-year-oldst (%),Measles-containing-vaccine second-dose (MCV2) immunization coverage by the nationally recommended aget (%) ,Pneumococcal conjugate 3rd dose (PCV3) immunization coverage  among 1-year oldst (%),Human papillomavirus (HPV) immunization coverage estimates among 15 year-old girlst (%),"Total net official development assistance to medical research and basic health sectors per capitau (US$), by recipient country

",Proportion of health facilities with a core set of relevant essential medicines available and affordable on a sustainable basisv (%),Density of medical doctorsw (per 10 000 population) ,Density of nursing and midwifery personnelw (per 10 000 population) ,Density of dentistsw (per 10 000 population) ,Density of pharmacistsw (per 10 000 population) ,Average of 13 International Health Regulations core capacity scoresx,Proportion of bloodstream infections due methicillin-resistant Staphylococcus aureusy (%),Proportion of bloodstream infection due to Escherichia coli resistant to 3rd-generation cephalosporiny (%),Domestic general government health expenditure (GGHE-D) as percentage of general government expenditure (GGE)z (%),Prevalence of stunting in children under 5aa (%),Prevalence of wasting in children under 5aa (%),Prevalence of overweight in children under 5aa (%),Prevalence of anaemia in women of reproductive age (15–49 years)ab  (%),Proportion of ever-partnered women and girls aged 15–49 years subjected to physical and/or sexual violence by a current or former intimate partner in the previous 12 monthsac (%) ,Proportion of ever-partnered women and girls aged 15–49 years subjected to physical and/or sexual violence by a current or former intimate partner in their lifetimeac (%) ,Proportion of population using safely-managed drinking-water servicesad (%),Proportion of population using safely-managed sanitation servicesad (%),Proportion of population using a hand-washing facility with soap and waterad (%),Proportion of safely treated domestic wastewater flowsae (%),Amount of water- and sanitation-related official development assistance that is part of a government-coordinated spending planaf (constant 2020 US$ millions),Proportion of population with primary reliance on clean fuels and technologyag (%),Annual mean concentrations of fine particulate matter (PM2.5) in urban areasag (µg/m3),Mortality rate due to homicidek (per 100 000 population),Number of cases of poliomyelitis caused by wild poliovirus (WPV)ah,Age-standardized prevalence of hypertension among adults aged 30-79 yearsai (%),Prevalence of obesity among children and adolescents (5–19 years)aj (%),Age-standardized prevalence of obesity among adults (18+ years)aj (%)
Afghanistan,19976,18952,38928,63.3,63.2,63.2,54.7,53.2,53.9,638,62,58,35,0.04,193,8.4,0.39,14367281,35.3,4.1,NaN,15.9,42.2,62,0.2,37,23.8,5.6,211.1,13.9,1,23.3,70,43,68,NaN,6.15,NaN,2.5,4.5,0.7,0.3,41,NaN,NaN,3.9,35.1,5.1,3.9,42.6,35,46,28,NaN,38,NaN,140.29,33,63.6,8.5,1,40.2,3.1,5.5
Albania,1465,1413,2878,76.3,79.9,78,68,70.3,69.1,15,100,10,8,0.03,15,NaN,0.29,6,11.4,4.3,6.8,11.7,6.3,14.2,0.3,62,16.7,5,68,0.2,0.3,22.4,98,94,92,NaN,2.03,NaN,18.8,60.5,10.3,10.8,NaN,NaN,NaN,NaN,9.6,1.6,14.6,24.8,6,13,71,48,NaN,13,48.53,81,19.3,3.6,0,41.8,7.6,21.7
Algeria,22154,21697,43851,76.2,78.1,77.1,66.7,66.1,66.4,112,99,23,16,0.04,59,NaN,0.08,11599,13.9,2.5,0.6,20.9,77.2,12,0,75,NaN,NaN,49.7,1.9,0.7,21,NaN,NaN,NaN,NaN,1.26,NaN,17.2,15.5,3.7,4.5,77,NaN,NaN,10.7,9.3,2.7,12.9,33.3,NaN,NaN,72,18,85,76,3.01,100,34.1,1.7,0,36.2,13.5,27.4
Andorra,NaN,NaN,77,NaN,NaN,NaN,NaN,NaN,NaN,NaN,100,3,1,NaN,3,NaN,0.02,0,NaN,NaN,12.3,NaN,NaN,2.7,0,77,NaN,NaN,NaN,NaN,NaN,31.8,99,93,96,77,NaN,NaN,33.3,40.1,8.2,10.1,NaN,NaN,NaN,16.5,NaN,NaN,NaN,12.1,NaN,NaN,91,100,NaN,100,NaN,100,9.5,NaN,NaN,31,12.8,25.6
Angola,16261,16605,32866,60.7,65.5,63.1,53.6,56.2,54.8,241,50,71,27,0.69,350,251.6,4.57,7698802,22.2,6.1,7.8,26.1,29.8,163,10.7,39,35.5,12.5,118.5,48.8,2,NaN,51,41,47,NaN,1.06,NaN,2.1,4.1,0.5,0.7,40,NaN,NaN,5.4,37.7,4.9,3.5,44.5,25,38,NaN,NaN,27,NaN,4.61,50,40.3,9.2,0,38.7,2.4,8.2
Antigua and Barbuda,47,51,98,74.9,78,76.5,66.2,67.7,67,42,99,6,3,NaN,2,NaN,0.19,1207,17.5,0.4,9.4,0,NaN,30.4,0.3,72,NaN,NaN,29.9,0.1,0.7,NaN,96,78,NaN,NaN,0.41,NaN,27.7,90.8,0.4,NaN,52,NaN,NaN,11.3,NaN,NaN,NaN,17.2,NaN,NaN,NaN,NaN,NaN,NaN,0.01,100,21.1,2.4,0,42.6,11.5,18.9
Argentina,22049,23147,45196,73.5,79.5,76.6,65.4,68.8,67.1,39,99,9,5,0.13,31,NaN,0.01,161306,15.7,8.4,9.5,14.1,NaN,40.9,1.1,73,9.6,2.5,26.6,0.4,0.4,24.5,74,71,75,46,0.04,NaN,40.6,26,15.3,NaN,65,38,21,15.5,7.8,1.6,12.9,11.9,5,27,NaN,NaN,NaN,36,32.58,100,12.3,6.1,0,47.5,16.9,28.3
Armenia,1394,1569,2963,72.5,79.2,76,64.9,69.1,67.1,26,100,11,6,0.11,23,NaN,0.06,70,19.9,3.3,4.7,20,40.2,18.9,0,69,21,7.1,54.8,0.2,0.7,25.5,91,94,92,8,3.21,NaN,44,49.5,5.6,0.5,84,NaN,NaN,5.7,9.1,4.4,10.8,17.3,5,10,87,69,95,40,15.27,98,45.5,3.8,0,47.3,4.8,20.2
Australia,12699,12801,25500,81.3,84.8,83,70.2,71.7,70.9,6,99,4,2,0.03,7,NaN,0.13,20401,8.6,12.5,10.4,4.9,NaN,8.7,0.1,87,2.5,0.4,8.4,NaN,0.1,13.6,95,94,97,66,NaN,NaN,41.3,131.4,6.2,9,88,18,13,16.2,2.1,NaN,18.5,8.5,3,23,NaN,74,NaN,76,NaN,100,7.3,1,0,29.3,12.4,29
Austria,4440,4567,9006,79.4,83.8,81.6,69.9,71.9,70.9,5,98,4,2,NaN,5,NaN,0.16,22,10.4,14.6,11.9,4.9,NaN,5.2,0,82,NaN,NaN,15.3,0.1,0.2,26.4,85,84,NaN,NaN,NaN,NaN,52.9,105.6,5.7,7.2,71,5,9,15.7,NaN,NaN,NaN,13,4,15,99,100,NaN,99,NaN,100,12.9,0.5,0,33.8,8.6,20.1
Azerbaijan,5065,5075,10139,68.8,74.1,71.4,62.1,65.2,63.6,26,100,19,10,0.04,58,NaN,0.06,686000,27.2,4.1,1,6.7,NaN,42.2,0,65,NaN,NaN,63.9,1.1,0.9,24,79,79,79,NaN,0.59,NaN,31.7,64.3,2.7,2,NaN,NaN,NaN,3.9,16.3,3.2,9.4,35.1,5,14,88,NaN,NaN,57,48.6,97,23.2,2.5,0,41,4.9,19.9
Bahamas,191,202,393,69.9,76.6,73.2,62.3,66.5,64.4,70,99,12,7,0.28,9,NaN,0.16,3,19.9,3.5,4.8,7.7,NaN,29,0.3,70,NaN,NaN,19.9,NaN,0.2,10.6,83,83,83,4,NaN,NaN,19.4,45.7,2.6,NaN,55,NaN,NaN,15.3,NaN,NaN,NaN,14.5,NaN,NaN,NaN,NaN,NaN,NaN,NaN,100,17.7,38.1,0,44.5,17.3,31.6
Bahrain,1100,601,1702,75,77,75.8,66,65.5,65.9,14,100,7,3,NaN,13,NaN,0.03,2,16.1,8.9,1.1,5.2,NaN,12.5,0,71,4.9,1.4,40.1,NaN,0.3,14.9,98,99,99,NaN,NaN,NaN,9.3,24.9,1,1.6,80,34,59,7.2,5.1,NaN,6.4,35.4,NaN,NaN,99,91,NaN,96,NaN,100,63.3,0.3,0,38.7,17.2,29.8
Bangladesh,83259,81430,164689,73,75.6,74.3,64.2,64.4,64.3,173,59,29,17,NaN,218,0.4,0.51,56339394,18.9,3.7,0,15.3,77.4,74,0.9,51,24.4,8.4,149,11.9,0.3,34.7,98,93,99,NaN,2.81,NaN,6.7,4.9,0.7,1.8,67,0,71,3,30.2,9.8,2.1,36.7,23,50,59,39,58,16,273.85,25,64.1,2.8,0,28.8,2.6,3.6
Barbados,139,148,287,74.3,77.7,76,66.2,67.7,67,27,98,12,8,NaN,2,NaN,0.18,301,16,0.6,10.4,8.2,69.9,NaN,NaN,74,16.4,3.8,31.1,0.2,0.7,8.5,85,78,86,7,NaN,NaN,24.9,30.6,3.1,NaN,NaN,NaN,NaN,10.6,6.6,6.8,11.4,17,NaN,NaN,NaN,NaN,NaN,NaN,NaN,100,25.4,11.3,0,41.8,12.3,23.1
Belarus,4399,5050,9449,69.7,79.6,74.8,62.3,69.4,66,2,100,3,1,0.13,26,NaN,0.29,7,23.8,21.2,11,7.6,73,11.7,0,74,13.5,0.6,60.7,NaN,3.3,30.5,97,98,NaN,NaN,0.38,NaN,45.4,110,6.2,3.6,94,NaN,NaN,11,3.9,NaN,6.8,20.6,6,21,95,74,NaN,56,0.32,100,18.1,2.7,0,49.2,7.6,24.5
Belgium,5744,5845,11590,79.3,83.5,81.4,69.8,71.3,70.6,5,NaN,4,2,NaN,8,NaN,0.09,18,10.6,18.3,10.8,5.8,NaN,5.1,0,85,NaN,NaN,15.7,0.3,0.4,23.4,97,85,94,NaN,NaN,NaN,60.8,200.8,11,19.8,NaN,7,10,15.7,2.3,0.4,5.1,13.6,5,22,100,89,NaN,92,NaN,100,12.8,1.3,0,30,7,22.1
Belize,198,200,398,71.4,77.8,74.4,63.5,67.3,65.3,36,95,12,8,0.53,23,0,0.6,2785,16.5,7.1,6.4,22.6,64.9,55.4,1,67,6.2,3.1,68.6,1,0.4,8.5,79,87,NaN,11,3.71,NaN,10.8,23.4,1.4,6.8,46,NaN,NaN,12.2,13.3,1.8,8,20.5,8,24,NaN,NaN,90,NaN,0.37,82,20.7,37.3,0,38,12.2,24.1
Benin,6054,6069,12123,61.2,65.7,63.4,54.5,56.6,55.5,397,78,86,30,0.19,55,388.3,2.87,5599018,22.6,7.8,2.2,26.8,28,108,1.8,38,5.5,1,205,59.7,2.6,6.9,72,NaN,68,NaN,5.8,NaN,0.6,3,NaN,0.3,39,NaN,NaN,3.7,31.3,5,2.2,55.2,15,26,NaN,NaN,12,NaN,42.54,4,38.8,6.2,0,31.2,2.6,9.6
Bhutan,410,362,772,72,74.4,73.1,63.2,63.5,63.4,183,96,28,15,0.09,165,NaN,0.14,229837,18.5,4.6,0.2,16.2,NaN,8,0,62,4,1.8,124.5,3.9,0.2,NaN,95,92,90,81,21.11,NaN,5,20.8,0.9,0.7,43,12,54,10.4,22.4,NaN,5.2,38.6,9,22,37,65,92,41,12.38,80,36.9,2.4,0,43.4,3.3,6.4
Bolivia (Plurinational State of),5858,5815,11673,71.1,73.1,72.1,63.2,63.3,63.3,155,81,25,13,0.08,105,3.1,0.14,189597,17.9,6.2,3.9,21.1,50.3,71,NaN,67,4.6,0.8,63.7,5.6,0.6,12.7,68,46,68,24,2.28,23.1,10.3,15.6,1.8,2.2,56,NaN,NaN,13.7,12.7,2,8.8,24.4,18,42,NaN,53,27,58,110.47,86,27.3,9.5,0,28.3,9.1,20.2
Bosnia and Herzegovina,1607,1674,3281,74.4,79.1,76.8,65.7,68.7,67.2,10,100,6,4,NaN,26,NaN,0.63,0,18.7,10.9,7.8,13.5,21.9,10.1,0,65,8.2,1.4,79.8,NaN,0.4,35,NaN,NaN,NaN,NaN,4.46,NaN,21.6,57.3,2.4,1.3,NaN,23,24,15.4,9.1,2.3,12.8,24.4,3,12,89,NaN,NaN,47,22.22,45,30.7,1.5,0,44.2,5.4,17.9
Botswana,1139,1213,2352,58.9,65.5,62.2,51.9,55.8,53.9,144,100,45,22,4.39,236,1.1,0.18,1461240,27,16.1,6.6,26.4,NaN,53.3,0.3,54,NaN,NaN,101.3,11.8,1.8,19.4,95,66,90,NaN,3.08,NaN,3.8,54.6,0.7,2.2,34,NaN,NaN,14.3,22.8,NaN,11,32.5,17,34,NaN,NaN,NaN,NaN,0.04,65,25,16.9,0,44.1,6.3,18.9
Brazil,104436,108124,212559,72.4,79.4,75.9,63.4,67.4,65.4,60,99,15,9,0.23,45,3.9,0.03,9629923,15.5,6.9,7.3,16,NaN,49.1,2.6,75,11.8,1.9,29.9,1,0.1,12.8,77,44,79,72,0.17,NaN,23.1,74,6.4,6.8,87,NaN,NaN,10.5,6.1,NaN,7.3,16.1,6,23,86,49,NaN,33,24.44,96,11.8,32.6,0,45,10.8,22.1
Brunei Darussalam,227,210,437,73.4,75.4,74.3,65.2,66.1,65.6,31,100,12,6,NaN,83,NaN,0.1,1,18.5,2.7,0.5,7.5,NaN,9.9,NaN,77,NaN,NaN,13.3,NaN,NaN,16.2,99,97,NaN,86,NaN,NaN,16.1,59,2.5,1.7,NaN,13,17,6.8,12.7,NaN,9.3,16.7,NaN,NaN,NaN,NaN,NaN,NaN,NaN,100,7.4,0.7,0,46.4,14.1,14.1
Bulgaria,3374,3574,6948,71.6,78.6,75.1,63.9,68.7,66.3,10,100,6,3,NaN,19,NaN,0.09,96,24.2,9.7,12.5,9.2,NaN,39.3,1.5,70,21.3,3.1,61.8,0.1,0.5,39,91,84,85,2,NaN,NaN,42.1,47.9,14,8.4,72,NaN,NaN,11.6,6.4,6.3,5.7,23.6,6,19,98,72,NaN,79,NaN,NaN,21.1,1.2,0,45.2,10.8,25
Burkina Faso,10445,10459,20903,60.1,65.2,62.7,53.4,56.3,54.9,320,80,85,26,0.1,46,389.9,1.66,5815599,23.9,7.5,11,31,52.6,123.7,2.6,43,3.1,0.4,206.2,49.6,3.1,14.3,91,71,91,NaN,6.34,0,0.9,9.3,NaN,0.2,54,100,64,9.6,25.5,8.1,2.6,52.5,11,19,NaN,NaN,9,NaN,82.8,11,54.2,9.6,0,30.5,1,5.6
Burundi,5900,5991,11891,61.5,66.1,63.8,54,57.2,55.6,548,85,54,21,0.15,103,294.9,1.35,3575616,25,6.2,7.5,35.5,39.6,58.2,0.7,44,3.3,0.4,179.9,65.4,3.2,11.8,93,83,93,NaN,8.09,0,0.7,6.5,NaN,0.1,38,NaN,NaN,8.5,57.6,4.8,3.1,38.5,22,40,NaN,NaN,6,NaN,41.98,1,37.2,6.6,0,34.2,1.9,5.4
Cabo Verde,279,277,556,69.9,77.9,74,62.2,67.2,64.8,58,97,14,9,NaN,39,0,0.26,150015,17.4,12.9,6.4,26.8,NaN,57.4,1,69,NaN,NaN,99.5,4.1,0.4,11.4,93,86,NaN,NaN,9.76,NaN,8.3,13,2.2,3.2,57,NaN,NaN,10.4,9.7,NaN,NaN,24.3,11,19,NaN,NaN,NaN,NaN,5.88,81,62,13.4,0,44.1,3.1,11.8
Cambodia,8162,8557,16719,67.2,72.7,70.1,59.8,63,61.5,160,89,26,13,0.07,274,5.8,0.19,5194507,22.5,4.8,7.8,19.6,56.5,30,0.1,61,17.9,4.9,149.8,6.5,0.5,21.1,92,80,90,NaN,10.71,NaN,1.9,10.1,0.9,0.3,57,68,74,7,29.9,9.7,2.1,47.1,9,19,28,NaN,74,NaN,197.73,37,27.2,2.1,0,25.7,3.2,3.9
Cameroon,13277,13269,26546,60.3,64.5,62.4,53.5,55.6,54.5,529,69,72,26,0.6,174,260,1.75,11348320,23.9,9,5.5,30.2,44.9,122.2,2.9,44,10.7,1.8,208.1,45.2,2.6,7.3,69,28,69,NaN,3.73,NaN,1.3,3.6,0.1,NaN,41,NaN,NaN,0.6,27.2,4.3,9.6,40.6,22,39,NaN,NaN,36,NaN,82.22,22,64.3,6.4,0,36.8,2.8,11.4
Canada,18732,19010,37742,80.4,84.1,82.2,70.5,72,71.3,10,98,5,3,NaN,6,NaN,0.34,0,9.6,11.8,8.8,5.3,NaN,6.5,0.1,89,3.5,0.8,7,0.4,0.3,13,91,83,84,87,NaN,NaN,24.4,110.7,6.6,11.1,97,NaN,NaN,18.6,NaN,NaN,11.8,10.4,3,NaN,99,84,NaN,77,NaN,100,6.7,1.6,0,22.1,12.3,29.4
Central African Republic,2394,2436,4830,50.2,56.3,53.1,44.5,48.4,46.4,829,40,103,39,NaN,540,336,3.75,4442825,36,12.3,1.7,37.7,27.6,184.4,8,32,NaN,NaN,211.9,82.1,2.8,NaN,42,NaN,40,NaN,9.21,NaN,0.7,2.6,NaN,NaN,31,NaN,NaN,4.8,40.1,5.3,2.6,46.8,21,29,6,14,22,1,15.31,1,42.9,21.3,0,41.3,2.2,7.5
Chad,8200,8226,16426,58,61.3,59.6,51.3,52.8,52,1140,39,110,33,0.22,144,206.3,10.79,6562501,22.7,6.4,1.3,32.4,17.5,138.5,3.9,28,NaN,NaN,280.1,101,3.5,8.3,52,NaN,NaN,NaN,5.11,NaN,0.6,2,NaN,NaN,40,NaN,NaN,5.2,35,12.9,3.4,45.4,16,29,6,10,25,2,30,7,66.8,9,0,37.9,1.5,6.1
Chile,9426,9691,19116,78.1,83.2,80.7,69,71.1,70,13,100,7,4,0.26,15,NaN,0.03,16,10,9,8.9,14.9,NaN,22.6,0.6,80,14.6,2.1,25.3,0.2,0.4,29.2,93,83,89,74,NaN,36.4,28.4,43.5,14,6.1,72,NaN,NaN,18.1,1.6,0.3,9.8,8.7,6,21,99,79,NaN,91,NaN,100,26.3,3.9,0,36.1,15.2,28
China,741999,705471,1447470,74.7,80.5,77.4,67.2,70,68.5,29,100,7,3,NaN,59,NaN,0.22,621,15.9,8.1,6,17.4,NaN,6.1,NaN,82,24,9.2,112.7,0.6,1.8,25.6,99,99,NaN,NaN,0.06,NaN,22.3,30.8,4.5,3.2,94,NaN,NaN,8.8,4.7,1.9,8.3,15.5,8,19,NaN,70,NaN,65,103.62,79,48.8,0.8,0,27.3,11.7,6.2
Colombia,24985,25898,50883,76.7,81.9,79.3,67.4,70.5,69,83,99,13,7,0.18,37,9.4,0.15,3237824,9.7,3.9,5.5,15.4,86.6,52.6,2.2,78,8.2,2.2,37,0.8,0.1,8.5,88,88,89,34,0.4,8.3,23.3,14.6,10.5,1.8,69,NaN,NaN,16.9,11.5,1.6,5.8,21.2,12,30,73,18,68,21,23.88,93,19,38.3,0,31,7,22.3
Comoros,439,431,870,65.9,68.9,67.4,58.3,59.6,58.9,273,82,61,29,0.01,35,5.2,1.16,503090,20.6,5.4,1.1,26.6,28.8,38,NaN,44,8.8,1.6,172.4,50.7,2.4,20.3,87,NaN,NaN,NaN,17.56,NaN,2.6,14.8,0.4,0.7,41,NaN,NaN,4.1,22.6,11.2,9.6,33.8,8,16,NaN,NaN,NaN,NaN,0.34,8,15.5,7.4,0,33.2,2.8,7.8
Congo,2757,2761,5518,63.8,65.6,64.7,56.4,56.1,56.2,378,91,45,19,1.94,379,213.2,2.56,1438750,22.6,6.5,9.2,29.7,43.2,111.3,2.5,40,NaN,NaN,130.7,38.7,1.3,14.5,73,29,71,NaN,3.67,0,1,9.7,NaN,0.3,51,NaN,NaN,3.5,18,8.2,5.1,48.8,NaN,NaN,46,NaN,NaN,NaN,33.86,35,44.4,10,0,39.8,2,9.6
Cook Islands,NaN,NaN,18,NaN,NaN,NaN,NaN,NaN,NaN,NaN,NaN,7,4,NaN,13,NaN,0.1,0,NaN,NaN,10.9,NaN,NaN,41.9,0.3,54,NaN,NaN,NaN,NaN,NaN,24,NaN,NaN,NaN,NaN,NaN,NaN,14.1,80,3.4,0.6,NaN,NaN,NaN,7.9,NaN,NaN,NaN,27.1,14,33,NaN,NaN,NaN,NaN,NaN,76,NaN,NaN,NaN,42.6,32.2,55.9
Costa Rica,2545,2549,5094,78.3,83.4,80.8,68.6,71.3,70,27,99,8,6,0.34,10,NaN,0.02,10590,9.5,8.1,4.1,14.8,80.8,33.3,1.3,78,7.4,1.1,23.3,0.9,0.1,8.8,95,93,95,77,0.95,NaN,33,38,11.5,11.9,67,NaN,NaN,24.1,8.6,1.8,8.1,13.7,7,27,81,30,86,23,3.87,96,18.6,12.6,0,37.8,12.3,25.7
Côte d'Ivoire,13300,13078,26378,60.5,65.8,62.9,53.4,56.5,54.8,617,74,78,33,0.24,135,287,3.44,21966154,21.7,8.9,3,24.1,43.5,118.8,5,45,12.4,3.4,269.1,47.2,2.5,9.4,80,NaN,79,13,6.51,NaN,1.6,6.6,0.1,0.4,20,72,90,5.5,17.8,6.1,2.8,50.9,16,27,35,NaN,22,NaN,15.04,32,58.5,11.5,0,37.3,3.4,10.3
Croatia,1979,2126,4105,75.5,81.6,78.6,66.7,70.5,68.6,8,100,5,3,0.02,7,NaN,0.12,0,16.1,16.4,8.7,7.9,NaN,8.8,0.1,73,NaN,NaN,35.5,0.1,0.4,36.9,94,91,NaN,NaN,NaN,NaN,34.7,81.2,12.2,7.2,75,50,18,12.1,NaN,NaN,NaN,21,4,13,NaN,68,NaN,60,NaN,100,17.8,1.1,0,48.4,10.9,24.4
Cuba,5623,5703,11327,75.4,80.3,77.8,66.6,69.2,67.8,36,100,5,2,0.18,6,NaN,0.03,48144,16.6,14.5,6.3,8.9,86.9,51.1,1.3,80,NaN,NaN,49.5,1,0.2,17.9,99,98,NaN,NaN,0.97,NaN,84.2,75.6,16.7,NaN,95,NaN,NaN,15.9,7,2,10,19.3,5,14,NaN,37,92,24,15.94,94,22.7,5.1,0,39.9,11.4,24.6
Cyprus,604,604,1207,81.1,85.1,83.1,71.8,73,72.4,6,99,3,2,NaN,6,NaN,0.34,1,8.2,3.6,10.8,5.8,NaN,6.7,0,79,14.7,1.6,20.1,0.3,0.3,35.1,NaN,NaN,NaN,NaN,NaN,NaN,31.4,52.5,8,6.5,63,50,52,9.9,NaN,NaN,NaN,13.6,3,16,100,77,NaN,67,NaN,100,15.6,1.3,0,30.8,12.2,21.8
Czechia,5273,5436,10709,76.3,81.9,79.1,67,70.6,68.8,3,100,3,2,NaN,4,NaN,0.13,3,14.3,12.2,14.3,5.9,NaN,9.9,0.1,78,NaN,NaN,29.6,0.2,0.4,30.7,97,90,NaN,NaN,NaN,NaN,41.5,89.3,7.3,7.2,NaN,9,13,15.4,2.5,NaN,6.6,21.1,4,22,98,85,NaN,90,NaN,100,15.8,0.6,0,41.6,9.7,26
Democratic People's Republic of Korea,12608,13170,25779,69.3,75.7,72.6,63.3,66.6,65,89,100,16,9,NaN,523,0.2,0.2,5337343,23.9,9.4,4.2,24.2,89.6,1,NaN,68,NaN,NaN,207.2,1.4,1.4,17.4,97,99,NaN,NaN,0.36,NaN,36.8,44.5,2.2,4,77,NaN,NaN,NaN,18.2,2.5,1.9,33.9,NaN,NaN,66,NaN,NaN,NaN,0.16,12,39.7,4.2,0,26.5,8.5,6.8
Democratic Republic of the Congo,44710,44851,89561,60,64.8,62.4,52.8,55.4,54.1,473,85,81,27,0.18,319,324.2,3.28,54963277,24,6.7,1.1,34.9,33,109,3.4,39,4.8,0.6,163.9,59.8,2,12.8,57,NaN,58,NaN,6.7,NaN,3.8,11.1,NaN,0.2,43,NaN,NaN,4.4,40.8,6.4,4.2,42.4,36,47,19,13,19,12,71.51,4,43.4,12.8,0,34.3,2.2,6.7
Denmark,2879,2913,5792,79.6,83,81.3,70.7,71.4,71,4,95,4,3,0.02,5,NaN,0.68,0,10.8,10.7,10.1,3.7,NaN,1.6,0,85,NaN,NaN,13.2,0.3,NaN,17.5,97,90,96,70,NaN,NaN,42.2,105.4,7.2,5.4,95,2,7,16.8,NaN,NaN,NaN,12.2,3,23,97,92,NaN,96,NaN,100,10.1,1.1,0,35.9,7.2,19.7
Djibouti,519,469,988,64.1,67.8,65.8,57.2,58.9,58,248,87,56,30,0.13,224,97.6,0.26,110561,22,9.6,0.4,23.5,NaN,NaN,NaN,48,1.5,0.3,159,31.3,2.5,NaN,70,60,70,NaN,14.02,NaN,2.2,7.3,0.2,2.3,41,0,0,4.3,34,21.5,7.2,32.3,NaN,NaN,NaN,37,NaN,11,26.43,10,38.2,6.6,0,34.2,5.3,13.5
Dominica,NaN,NaN,72,NaN,NaN,NaN,NaN,NaN,NaN,NaN,100,35,30,NaN,47,NaN,0.2,399,NaN,NaN,7.2,NaN,NaN,NaN,NaN,67,NaN,NaN,NaN,NaN,NaN,NaN,97,90,NaN,69,13.42,NaN,11,61,1.1,NaN,63,NaN,NaN,7.6,NaN,NaN,NaN,20.8,NaN,NaN,NaN,NaN,NaN,NaN,0.62,89,21.6,NaN,NaN,47.7,15,27.9
Dominican Republic,5418,5430,10848,69.8,76.2,72.8,62.1,66.1,64,95,99,34,23,0.32,41,0.2,0.1,2612634,19.1,4.9,6.7,64.6,81.7,51,0.8,66,8.2,0.9,43,2.2,0.4,10.6,82,55,69,7,0.84,NaN,14.5,14.6,2.3,1.2,65,NaN,NaN,16.3,5.9,2.4,7.6,26.4,10,19,NaN,NaN,47,NaN,191.97,92,16.5,17.8,0,49.1,15,27.6
Ecuador,8824,8819,17643,76.4,80.5,78.4,67.7,69.3,68.5,59,97,13,7,0.12,48,3.8,0.09,17609,11,7.6,3.3,20.1,79.4,58.4,2.2,80,10.3,2.4,24.5,0.6,0.3,11.3,70,70,76,36,0.67,50,22.2,25.1,3,0.4,66,NaN,NaN,13.3,23.1,3.7,9.8,17.2,8,33,67,42,87,31,61.99,94,19.7,7,0,27.2,9.4,19.9
Egypt,51703,50632,102334,69.6,74.1,71.8,62.3,63.7,63,37,92,19,10,0.03,11,NaN,0.2,2932815,28,3,0.1,10.1,80,46.9,0.5,70,31.1,6.1,108.9,2,0.2,24.3,94,94,NaN,NaN,0.33,NaN,7.5,19.3,2,4.6,86,100,90,4.7,22.3,9.5,17.8,28.3,15,30,NaN,67,90,46,365.28,100,73,4.1,0,38.2,17.6,32
El Salvador,3036,3450,6486,70.6,79.1,75,61.6,67.8,64.9,46,100,13,6,0.13,55,NaN,0.02,1416732,10.7,6,4.1,20.9,80,51.8,2,76,1.7,0.3,41.9,2,0.2,7.9,72,56,78,NaN,2,NaN,28.7,18.3,8.7,6.5,94,NaN,NaN,16.9,11.2,2.1,6.6,10.6,6,21,NaN,NaN,NaN,13,278.09,92,29.3,85,0,32.7,11.7,24.6
Equatorial Guinea,780,623,1403,60.9,63.6,62.2,53.4,54.1,53.9,301,NaN,78,29,NaN,280,240.8,6.07,429326,22.1,7.9,6.9,27.2,NaN,NaN,NaN,43,NaN,NaN,177.7,22.3,1.6,NaN,53,NaN,NaN,NaN,0.59,NaN,4,3.1,NaN,NaN,34,NaN,NaN,3.9,19.7,NaN,9.3,44.5,29,46,NaN,NaN,NaN,NaN,0.01,24,45,3.3,0,38.1,2.3,8
Eritrea,1778,1769,3546,61.3,67.1,64.1,53.9,57.7,55.7,480,NaN,39,18,0.07,81,44.8,1.02,296052,26.8,10.9,2.1,37.9,NaN,NaN,NaN,50,NaN,NaN,173.7,45.6,3.3,7.5,95,85,95,NaN,6.18,NaN,0.8,14.4,0.5,1.3,41,NaN,NaN,2.4,49.1,NaN,2.1,37,NaN,NaN,NaN,NaN,NaN,NaN,1.93,9,35.4,11,0,23.7,2.1,5
Estonia,628,698,1327,74.7,82.6,78.9,66.4,71.7,69.2,9,100,2,1,0.16,10,NaN,0.29,1,14.9,14.9,10.8,4.5,NaN,8.5,0.1,78,NaN,NaN,25,NaN,0.6,29.7,91,87,NaN,55,NaN,NaN,34.7,66.1,9.8,7.2,NaN,NaN,NaN,12.9,1.2,1.5,5.7,21.7,4,21,96,93,NaN,91,NaN,100,6.7,2.1,0,40.2,6.3,21.2
Eswatini,570,590,1160,53.4,63.2,57.7,47.1,53.8,50.1,437,88,47,20,5.28,319,0.7,0.83,406184,35.2,29.4,8.8,33.5,82.9,87.1,1.2,58,5,1.3,137,27.9,3.3,9.2,83,70,83,NaN,3.24,NaN,1.4,25.1,0.2,0.4,41,2,NaN,10,22.6,2,9.7,30.7,18,NaN,NaN,NaN,24,18,10.12,55,19.8,18.5,0,42.5,6,16.5
Ethiopia,57517,57447,114964,66.9,70.5,68.7,59,60.8,59.9,401,50,49,27,0.12,132,54.1,1.59,75731040,17.1,5.4,2.2,28.2,63.6,73.5,0.5,38,2.1,0.3,144.4,43.7,3.3,5.1,71,46,67,76,3.17,NaN,1.1,7.8,NaN,0.5,72,60,67,4.8,35.3,7.2,2.6,23.9,27,37,13,7,8,NaN,155.09,8,31.1,7.2,0,27.4,1.1,4.5
Fiji,454,442,896,65.9,70.3,68,58.5,60.7,59.6,34,100,27,12,0.16,66,NaN,0.13,921225,37.7,9,3.7,13.5,NaN,23.1,0.1,61,NaN,NaN,99,2.9,0.3,23.1,99,94,99,89,13.73,NaN,8.6,39.6,1.2,1.1,54,NaN,NaN,8.3,7.5,NaN,5.2,32,23,52,NaN,NaN,NaN,NaN,2.61,51,11.1,2.2,0,38.6,11.5,30.2
Finland,2732,2808,5541,79.2,84,81.6,69.9,72,71,3,100,2,1,NaN,4,NaN,0.81,3,9.6,15.3,10.7,3.9,NaN,4.1,0,83,6.7,0.7,7.2,NaN,0.4,21.6,91,93,89,NaN,NaN,NaN,46.4,223.1,10.8,19.2,85,1,7,13.8,NaN,NaN,NaN,10.9,8,23,100,84,NaN,92,NaN,100,6.5,1.2,0,35.9,9.1,22.2
France,31589,33684,65274,79.8,85.1,82.5,71.1,73.1,72.1,8,98,4,3,NaN,8,NaN,0.15,120,10.6,13.8,12.2,5.1,NaN,7.5,0.1,84,NaN,NaN,9.7,0.3,0.3,33.4,NaN,NaN,NaN,33,NaN,NaN,32.7,117.8,6.5,10.6,86,12,10,15.1,NaN,NaN,NaN,10.6,5,22,99,79,NaN,93,NaN,100,12.2,0.8,0,29.1,8.1,21.6
Gabon,1133,1093,2226,63.6,69.7,66.5,56,59.3,57.6,252,89,42,20,0.48,527,215.5,2.12,870003,21.3,8.4,8.1,23.9,44,91,NaN,49,3.8,0.7,76,20.6,1.3,NaN,63,NaN,NaN,NaN,3.13,NaN,6.5,21.1,0.2,1.1,33,NaN,NaN,9.6,14.4,3.4,7.4,52.4,22,41,NaN,NaN,NaN,NaN,0.8,88,41.5,8.5,0,37.4,4.2,15
Gambia,1199,1218,2417,63.4,67.7,65.5,56.4,57.7,57,597,84,49,26,0.93,157,87.3,1.6,168211,21.1,4.8,3.4,29.6,39.7,64.8,1.1,48,0.2,NaN,237,29.7,1.8,11.1,NaN,NaN,NaN,NaN,15.37,NaN,0.8,9.5,NaN,NaN,44,NaN,NaN,4.4,16.1,5.1,2.3,49.5,10,25,45,29,18,11,1.83,2,58.4,8.3,0,37.6,2.8,10.3
Georgia,1901,2088,3989,68.8,77.8,73.3,61.4,67.9,64.7,25,100,9,5,0.17,70,NaN,0.06,81,24.9,9.2,9.5,12.4,50.5,27.3,0,65,31.2,9.7,101.8,0.2,0.6,31.7,88,77,82,22,1.99,NaN,51.1,55.5,6.2,0.9,63,20,44,9.4,5.7,0.6,7.6,27.5,3,10,66,34,92,46,35.27,89,27,2.3,0,44.5,6.8,21.7
Germany,41416,42368,83784,78.7,84.8,81.7,69.7,72.1,70.9,7,96,4,2,0.03,6,NaN,0.21,116,12.1,12.3,12.8,3.8,NaN,6.9,0.1,86,NaN,NaN,16,0.6,0.3,22,93,93,83,43,NaN,NaN,44.3,141.9,8.5,6.6,85,6,10,20.1,1.6,0.3,4.1,11.7,5,21,100,97,NaN,99,NaN,100,11.8,0.9,0,29.7,8.9,22.3
Ghana,15750,15323,31073,63.7,69.2,66.3,56.5,59.6,58,308,79,45,23,0.63,143,162.8,2.13,17220101,22.5,6.6,2.8,25.7,40.4,78,0.7,45,1.3,0.1,203.8,18.8,1.7,3.5,94,79,95,NaN,4.09,12.5,1.7,36.2,0.2,0.4,46,NaN,64,6.5,14.2,6.8,2.9,35.4,10,24,41,13,42,12,69.51,22,55.6,6.1,0,33.9,2.1,10.9
Greece,5116,5307,10423,78.6,83.6,81.1,69.9,71.9,70.9,3,100,4,2,0.09,5,NaN,0.14,41,12.5,5.1,10.5,8.3,NaN,8.7,0.4,78,16.9,1.6,27.6,NaN,0.2,33.5,99,83,96,NaN,NaN,NaN,63.1,37.3,12.9,10.9,71,41,25,7.9,2.2,NaN,13.9,15.1,5,18,100,92,NaN,93,NaN,100,15,1,0,31.3,13.8,24.9
Grenada,57,56,113,70.6,75.3,72.9,62.6,65.4,63.9,25,100,16,11,NaN,3,NaN,0.12,253,23.3,0.7,9,8,NaN,35.9,1.1,70,NaN,NaN,45.3,0.3,NaN,NaN,72,79,NaN,32,9.26,NaN,14.4,62.8,2,6.8,NaN,NaN,NaN,9.4,NaN,NaN,NaN,19.2,8,28,NaN,NaN,NaN,NaN,5.23,89,23.1,6.6,0,46.6,10.7,21.3
Guatemala,8827,9088,17916,69,75,72,60.5,64.1,62.3,95,70,24,11,0.05,27,NaN,0.03,5052069,16.5,5.9,1.6,22.9,66.1,63.3,1.7,57,11.4,3.8,73.8,6.3,1.6,10.9,83,79,86,20,1.45,NaN,12.4,22.4,2.5,1.2,45,NaN,NaN,17.6,42.8,0.8,5.1,7.4,7,21,56,NaN,NaN,NaN,8.59,50,30.9,25.1,0,32.2,9.9,21.2
Guinea,6353,6780,13133,59.5,62.3,61,52.9,53.7,53.3,576,55,96,30,0.42,179,319.5,6.07,8180533,24.9,7,1.1,29.7,37.7,120,4.4,37,7,1.2,243.3,44.6,2.3,NaN,47,NaN,NaN,NaN,5.4,12.5,2.2,5.8,NaN,0.2,47,NaN,NaN,6.2,29.4,9.2,5.7,48,21,37,NaN,NaN,20,NaN,10.66,2,53.8,8.8,0,40.9,1.7,7.7
GuineaNaNBissau,963,1005,1968,57.4,63,60.2,51.1,54.1,52.6,667,54,77,35,0.88,361,88.9,2.11,1892353,24.9,7,5.5,32.2,60,84,1.6,37,NaN,NaN,214.7,35.3,2.3,9,74,NaN,74,NaN,15.44,NaN,2,7.9,NaN,NaN,46,NaN,NaN,2.8,28,6.4,3.4,48.1,NaN,NaN,24,12,18,21,2.21,1,55,9,0,38,2.4,9.5
Guyana,396,391,787,62.5,69.4,65.7,55.1,59.7,57.2,169,98,28,17,0.43,79,28.2,0.4,685741,29.2,40.3,5.3,22.3,51.5,64.9,1.3,74,NaN,NaN,107.8,3.6,NaN,12.1,99,97,89,25,1.99,NaN,14.2,35.3,0.7,0.6,93,NaN,NaN,10.3,9,6.4,6.6,31.7,10,31,NaN,NaN,NaN,NaN,2.45,81,26.8,24.7,0,40,10,20.2
Haiti,5626,5776,11403,63.3,64.8,64.1,55.9,55.8,55.8,480,42,60,25,0.45,168,3.7,1.04,4363545,31.3,9.6,3,18.8,45.4,54.8,1.3,47,11.5,4,184.3,23.8,1.4,7.7,51,41,51,NaN,6.25,NaN,2.3,4,0.2,0.3,54,NaN,NaN,5.4,20.4,3.7,3.7,47.7,12,23,NaN,NaN,22,NaN,30.18,4,19.5,20.7,0,42.9,10.9,22.7
Honduras,4949,4956,9905,70.7,73.2,71.9,62.7,63.3,63,65,94,16,9,0.07,30,0.1,0.03,2210111,18.7,2.1,3.9,16.1,76,97.1,2.5,63,NaN,NaN,60.7,3.6,0.5,NaN,80,79,80,47,7.17,NaN,5,7.3,0.3,NaN,58,NaN,NaN,11.1,19.9,1.4,5.7,18,7,17,NaN,50,NaN,NaN,64.6,48,25.4,66.9,0,33.9,9.6,21.4
Hungary,4598,5062,9660,73.1,79.6,76.4,65,69.3,67.2,12,100,4,2,NaN,5,NaN,0.9,1,22.1,16.6,11.1,7.7,NaN,21.1,0.2,73,NaN,NaN,38.8,0.2,0.5,31.8,99,99,99,NaN,NaN,NaN,60.6,69.2,7.4,8.4,68,NaN,NaN,9.4,NaN,NaN,NaN,19.7,6,19,93,88,NaN,90,NaN,100,16.7,1.4,0,48.3,11.1,26.4
Iceland,171,170,341,80.8,83.9,82.3,71.7,72.3,72,4,97,2,1,0.04,3,NaN,0.15,0,8.7,11.9,9.2,2,NaN,4.4,0,87,NaN,NaN,8.7,0.1,1,12,93,93,93,91,NaN,NaN,41.4,167.8,8.5,6.1,76,NaN,NaN,16.4,NaN,NaN,NaN,10.3,3,21,100,84,NaN,73,NaN,100,5.8,1.2,0,27.5,9.9,21.9
India,717101,662903,1380004,69.5,72.2,70.8,60.3,60.4,60.3,145,89,33,20,0.04,188,3.2,0.16,751758629,21.9,12.7,5.6,15.6,72.8,12.2,0.2,61,17.3,6.5,184.3,18.6,0.3,27.2,85,81,21,NaN,0.26,NaN,7.4,17.5,1.6,8.7,84,65,87,3.4,30.9,17.3,1.9,53,18,35,NaN,46,68,27,305.48,68,78.2,3.8,0,31.1,2,3.9
Indonesia,137718,135806,273524,69.4,73.3,71.3,61.9,63.8,62.8,177,95,23,12,0.1,301,2.9,1.3,86492939,24.8,2.4,0.2,11.3,77,36,0.3,59,4.5,0.9,112.4,7.1,0.3,37.6,77,49,4,7,0.5,NaN,6.2,39.5,1.2,0.9,64,36,76,8.7,31.8,10.2,11.1,31.2,9,22,NaN,NaN,94,NaN,185.28,84,20.7,4.3,0,40.3,6.1,6.9
Iran (Islamic Republic of),42408,41585,83993,75.7,79.1,77.3,66,66.5,66.3,16,99,13,8,0.03,13,0,0.05,5,14.8,5.2,1,21.5,NaN,27.6,0.5,77,15.3,3.5,50.9,1,1,13.6,99,98,NaN,NaN,0.27,NaN,15.8,20.8,4.5,2.9,86,44,69,21.4,6.3,NaN,9.4,24.1,18,31,94,NaN,NaN,22,1.09,96,33.7,3.1,0,26.2,9.8,25.8
Iraq,20358,19865,40223,69.9,75,72.4,61.6,63.7,62.7,79,96,25,14,NaN,27,NaN,0.29,2170486,23.5,3.6,0.4,27.3,53.7,70,1.6,55,3.7,0.9,75.1,3,0.2,18.5,74,93,0,NaN,1.98,NaN,9.7,23.9,3.5,4.1,46,86,95,6,11.6,3,9,28.6,NaN,26,60,43,97,37,69.87,99,56.4,14.4,0,48.1,14.4,30.4
Ireland,2451,2486,4938,80.2,83.5,81.8,70.7,71.4,71.1,5,100,3,2,0.08,5,NaN,0.04,1,9.7,9.6,12.7,3.1,NaN,5.7,0,83,NaN,NaN,11.9,NaN,0.3,20.8,94,NaN,86,77,NaN,NaN,34.9,179.8,6.7,13.7,66,14,11,20.3,NaN,NaN,NaN,12.1,3,16,97,83,NaN,83,NaN,100,8.5,0.8,0,32.3,9.8,25.3
Israel,4308,4347,8656,80.8,84.4,82.6,72,72.7,72.4,3,NaN,4,2,NaN,2,NaN,0.05,88,8.8,5.3,4.4,3.9,NaN,8.3,0,84,10.7,1.8,15.4,0.2,NaN,21.2,98,96,94,55,NaN,NaN,36.3,119.9,11.7,9.9,NaN,NaN,NaN,12.1,NaN,NaN,NaN,12.9,6,NaN,99,95,NaN,93,NaN,100,18.6,1.2,0,29.1,11.9,26.1
Italy,29438,31024,60462,80.9,84.9,83,71.2,72.6,71.9,2,100,3,2,0.04,7,NaN,0.33,35,9,6.7,8,5.3,NaN,3.7,0,83,NaN,NaN,15,0.1,0.3,23.1,94,86,91,27,NaN,NaN,39.5,62.7,8.4,12.1,72,37,29,13.2,NaN,NaN,NaN,13.6,4,16,96,96,NaN,95,NaN,100,15.3,0.7,0,33.8,12.5,19.9
Jamaica,1470,1492,2961,74.4,77.7,76,65.9,67.3,66.6,80,100,13,9,0.53,2,NaN,0.55,824,16.9,2.4,4.2,15.1,NaN,51.7,0,70,NaN,NaN,25.4,0.6,NaN,9.4,96,89,NaN,3,1.49,NaN,5.3,9.4,0.9,0.2,88,NaN,NaN,13.3,8.5,3.3,6.8,19.9,7,24,NaN,NaN,NaN,NaN,0.38,83,15.4,50.3,0,46.3,13,24.7
Japan,61753,64723,126476,81.5,86.9,84.3,72.6,75.5,74.1,5,100,2,1,0.01,12,NaN,0.96,5,8.3,15.3,10.1,3.6,NaN,2.8,0,85,10.5,1.9,11.9,0.2,0.2,20.1,96,95,95,1,NaN,NaN,24.8,119.5,8,18.9,98,36,21,24.2,5.5,NaN,2.4,19,4,20,99,81,NaN,98,NaN,100,13.7,0.2,0,31.4,3.3,4.3
Jordan,5166,5037,10203,77,78.8,77.9,68.1,67.2,67.6,46,100,15,9,0.01,5,NaN,0.56,23,15.3,1.6,0.5,17,56.7,27,0.4,60,NaN,NaN,51.2,0.6,0.5,34.8,77,90,NaN,NaN,11.29,NaN,26.6,33.5,7.8,10.4,52,58,65,12.8,7.3,2.4,7.1,37.7,13,24,86,82,NaN,82,366.71,100,32.8,2.7,0,37.7,12.9,35.5
Kazakhstan,9113,9664,18777,70,77.6,74,62.4,67.4,65,10,100,10,5,0.19,69,NaN,0.15,664,22.4,17.6,5,12.7,73.2,24.6,0,76,2.5,0.1,62.7,0.4,1.9,23.2,88,91,89,NaN,0.39,NaN,40.7,72.9,2.9,8.1,88,NaN,NaN,8.2,6.7,3.1,8.8,28.7,6,16,89,NaN,NaN,36,0.64,93,25.6,5.1,0,41.9,6.5,21
Kenya,26719,27053,53771,63.7,68.4,66.1,56.4,58.9,57.7,342,70,42,20,0.72,259,50.9,0.4,8596922,21,6.1,2.1,28.3,74.4,81.1,0.7,56,5,1.3,78.1,51.2,2.4,11.1,89,49,90,16,4.02,NaN,1.6,11.7,0.2,0.2,57,25,0,8.3,19.4,4.2,4.5,28.7,23,38,NaN,NaN,27,NaN,196.23,20,24.1,5.6,0,33.2,2.3,7.1
Kiribati,59,61,119,56.1,62.8,59.4,50.5,54.9,52.6,92,92,50,21,NaN,425,NaN,1.57,124250,50.8,28.3,2.3,1.9,53.1,50.6,1.8,51,NaN,NaN,140.2,16.7,2.6,40.6,92,57,91,NaN,58.92,NaN,2,38.3,0.7,0.3,64,NaN,NaN,7.4,14.9,3.5,2.4,32.6,25,53,15,27,56,31,5.01,10,11.6,4.8,0,42.3,23,46
Kuwait,2614,1656,4271,79.3,83.9,81,69.5,71.1,70.1,12,100,9,5,NaN,19,NaN,0.03,16,11.9,2.9,0,15.4,NaN,6.2,0,70,NaN,NaN,103.8,NaN,0.4,17.9,NaN,NaN,NaN,NaN,NaN,NaN,23.4,46.8,6.7,4.9,83,100,100,8.9,6,2.5,7.1,23.7,NaN,NaN,100,100,NaN,85,NaN,100,65,1.8,0,40.5,22.9,37.9
Kyrgyzstan,3227,3297,6524,70.7,77.3,74.2,63.6,67.7,65.8,60,100,18,12,0.11,105,NaN,0.15,2169854,20.3,7.4,4.9,12.7,64.6,34,0,70,3.5,0.7,110.7,0.8,0.9,25.4,87,93,90,NaN,3.77,0,22.1,56,1.9,0.4,41,NaN,NaN,7.1,11.4,2,5.8,35.8,13,23,70,92,100,19,24.43,77,28.2,4.6,0,40.9,3.9,16.6
Lao People's Democratic Republic,3652,3624,7276,66.2,70.9,68.5,59.2,61.9,60.5,185,64,44,22,0.13,149,1.5,0.68,2052528,26.8,5.4,12.1,17.9,72.3,83.4,2.6,50,NaN,NaN,188.5,11.3,0.6,31.8,79,47,77,NaN,8.61,25.3,3.5,11.9,0.8,2.3,38,50,51,4.7,30.2,9,3,39.5,8,19,18,61,56,10,73.98,8,21.8,6.6,0,28.5,4.7,5.3
Latvia,869,1017,1886,70.6,79.8,75.4,62.9,69.3,66.2,19,100,4,2,NaN,23,NaN,0.27,2,21.6,20.1,13.2,8.1,NaN,10.8,0,72,21.4,5.7,41.3,NaN,1.2,37,99,94,91,57,NaN,NaN,34,44.3,7.1,8.7,69,14,33,10.4,NaN,NaN,NaN,21.6,6,25,96,83,NaN,93,NaN,100,14.4,5,0,43.9,7,23.6
Lebanon,3436,3390,6825,74,79.2,76.4,65.1,67,66,29,NaN,7,4,0.03,13,NaN,0.07,0,19.9,2.8,1.5,16.4,NaN,11.7,NaN,72,26.6,6.3,51.4,0.8,0.6,38.2,71,64,74,NaN,12.3,52.5,22.1,16.7,10.2,12.9,66,35,56,13.4,10.4,NaN,19.7,28.3,NaN,NaN,48,16,NaN,NaN,120.77,NaN,30.7,4.2,0,38.1,13.9,32
Lesotho,1057,1085,2142,47.7,54.2,50.7,42.3,46.4,44.2,544,87,90,44,4.91,650,NaN,1.22,387421,42.7,72.4,5.1,31.9,82.8,90.8,0.1,48,NaN,NaN,177.6,44.4,5.2,24.3,87,69,87,NaN,2.88,NaN,4.7,32.6,0.2,1.9,37,NaN,NaN,8.8,32.1,2.1,7.2,27.9,16,40,29,48,6,NaN,9.94,40,25.8,43.5,0,40.1,5,16.6
Liberia,2543,2515,5058,63.2,65,64.1,54.9,55,54.9,661,84,78,31,0.29,314,358,4.66,3180960,17.8,4.4,5.4,38.9,41,128,3.8,42,6.8,1.1,170.2,41.5,1.7,8.2,65,30,65,18,10.02,NaN,0.5,19.5,NaN,2.2,54,13,40,4,28,3.4,4.7,42.6,27,43,NaN,NaN,NaN,NaN,24.5,1,52,9.7,0,39.4,1.9,9.9
Libya,3469,3403,6871,74.2,77.3,75.8,64.9,65.5,65.2,72,100,11,6,0.05,59,NaN,0.43,4026,18.6,4.5,NaN,21.3,24,10.9,NaN,60,NaN,NaN,71.9,0.6,0.8,NaN,73,72,73,NaN,4.77,NaN,20.9,65.3,8.8,6,45,83,62,NaN,43.5,10.2,25.4,29.9,NaN,NaN,NaN,22,NaN,17,0.01,NaN,46.4,2.1,0,42.7,14.6,32.5
Lithuania,1260,1462,2722,71.2,80.4,76,63.4,69.7,66.7,8,100,3,2,NaN,29,NaN,0.05,0,19.3,26.1,12.8,8.1,NaN,10.1,0.1,70,NaN,NaN,34,NaN,1.7,32,91,91,83,68,NaN,NaN,50.8,100.8,14,12.7,82,10,16,13.2,NaN,NaN,NaN,19.9,5,22,95,94,NaN,93,NaN,100,11.7,4.8,0,48,6.8,26.3
Luxembourg,317,309,626,80.6,84.2,82.4,71.1,72,71.6,5,NaN,3,2,NaN,6,NaN,0.06,3,9.7,11.3,12.4,4.1,NaN,3.8,0,86,3.5,0.3,11.6,NaN,0.2,21.1,99,90,96,NaN,NaN,NaN,30.1,121.7,9.8,7,60,3,11,10.9,NaN,NaN,NaN,10.2,4,20,99,97,NaN,96,NaN,100,10.2,0.5,0,30.5,8.3,22.6
Madagascar,13815,13876,27691,64.1,66.6,65.3,56.9,57.7,57.3,335,46,50,20,0.22,238,133.5,2.13,21390404,26,5.5,2,29.2,65.9,150.8,6.9,35,2.9,0.6,159.6,30.2,2.1,27.8,68,24,65,NaN,5.52,NaN,2,3,0.2,0.1,46,NaN,NaN,8,40.2,6.4,1.5,37.8,NaN,NaN,21,10,27,9,51.14,1,17.9,6.5,0,36.9,1.8,5.3
Malawi,9434,9696,19130,62.3,68.9,65.6,55.1,59,57.1,349,96,39,19,1.21,141,228.5,1.39,12761253,22.6,5.4,4.1,33.4,73.9,101.8,2.8,48,4.4,1,115,28.3,1.7,10.8,94,75,93,77,8.26,NaN,0.5,7.1,NaN,NaN,50,61,57,8.7,37,0.6,4.7,31.4,17,30,NaN,24,8,6,90.47,1,24.6,2.2,1,29.5,2,5.8
Malaysia,16631,15735,32366,72.6,77.1,74.7,64.5,66.9,65.7,29,100,9,5,0.19,92,0,0.06,19110,18.4,5.7,0.9,22.5,NaN,8.6,0.1,76,1.5,0.1,47.4,0.4,0.7,22.5,98,84,NaN,84,0.17,NaN,22.9,34.8,3.1,3.5,85,17,26,8.5,20.9,9.7,6.1,32,NaN,19,94,NaN,NaN,88,0.63,96,17.1,2.7,0,40.8,12.7,15.6
Maldives,343,198,541,78.6,80.8,79.6,69.7,70,70,53,100,6,4,NaN,37,NaN,0.21,330,11.6,2.7,2.8,1.6,29.2,5.9,0.1,69,10.3,4.1,25.6,0.3,NaN,25.2,99,96,NaN,68,69.47,NaN,20.5,46.6,0.9,6.5,49,NaN,NaN,19.1,14.2,9.1,4.6,52.2,6,19,NaN,NaN,96,NaN,13.68,99,10.4,1.9,0,34.1,7.4,8.6
Mali,10145,10106,20251,62.2,63.4,62.8,54.8,54.5,54.6,562,67,91,32,0.27,52,357.5,4.62,7946641,22.3,4.1,1.3,22.7,41.2,164,6.8,42,2.1,NaN,209.1,70.7,2.9,8.3,70,26,66,NaN,6.74,0,1.3,4.4,NaN,NaN,44,80,61,5.7,25.7,9.3,2.1,59,18,29,NaN,20,17,NaN,117.24,1,63.1,10.7,0,34.6,2.6,8.6
Malta,221,220,442,79.9,83.8,81.9,70.9,71.9,71.5,6,100,6,4,NaN,36,NaN,0.2,2,10.5,6.1,8.3,4.1,NaN,12,0.1,81,15.9,2.8,20.2,NaN,0.1,24,98,99,NaN,85,NaN,NaN,28.6,94.8,4.8,12.9,73,20,12,14.1,NaN,NaN,NaN,13.7,4,17,100,92,NaN,15,NaN,100,13.2,1,0,29.5,13.4,28.9
Marshall Islands,NaN,NaN,59,NaN,NaN,NaN,NaN,NaN,NaN,NaN,92,31,14,NaN,483,NaN,0.35,19594,NaN,NaN,NaN,NaN,NaN,NaN,NaN,62,NaN,NaN,NaN,NaN,NaN,28.5,NaN,NaN,NaN,17,121.42,NaN,4.2,33.4,1.2,0.7,NaN,NaN,NaN,10.5,32.2,3.5,4.2,30.6,19,38,NaN,NaN,85,NaN,3.65,64,NaN,NaN,NaN,31.9,26.6,52.9
Mauritania,2335,2315,4650,68.1,68.7,68.4,60.2,59.4,59.8,766,69,71,31,NaN,87,30,3.35,844271,16.1,3.1,0,25.6,30.4,84,8.4,40,11.7,3,169.5,38.6,1.5,10.7,71,NaN,70,NaN,9.77,NaN,1.9,9.3,0.5,0.2,34,NaN,NaN,7,24.2,11.5,2.7,43.3,NaN,NaN,NaN,NaN,NaN,NaN,60,43,78.1,10.9,0,37.9,4,12.7
Mauritius,627,644,1272,71,77.3,74.1,62,65.9,63.9,61,100,17,11,0.8,12,NaN,0.41,0,23.2,9.5,4.8,12.2,40.8,23.7,0.6,65,8.2,1.9,38.3,0.6,0.8,20.2,93,87,86,74,1.08,NaN,27.1,39.3,2.8,5.9,51,40,50,10.2,8.7,NaN,7.6,23.5,NaN,NaN,NaN,NaN,NaN,13,9.37,97,9.5,2.3,0,33.1,4.4,10.8
Mexico,63071,65861,128933,73.1,78.9,76,64.3,67.2,65.8,33,97,14,8,0.16,24,0.1,0.03,20016375,15.6,5.3,5,12.8,79.8,70.5,0.8,74,1.6,0.2,36.7,1.1,0.4,13.1,74,78,75,5,0.07,NaN,24.3,28.2,1.3,NaN,84,NaN,NaN,10.3,12.1,1.4,6.3,15.3,10,24,43,57,NaN,60,1.34,85,22.8,25.4,0,32.1,14.8,28.9
Micronesia (Federated States of),58,57,115,60.3,66,63,54.4,57.8,56,88,NaN,25,13,NaN,75,NaN,0.4,70736,46.3,28.2,2.5,0.2,NaN,NaN,NaN,48,NaN,NaN,151.8,3.6,0.9,NaN,83,62,79,37,62.23,NaN,9.4,21.5,NaN,NaN,43,NaN,NaN,5.4,NaN,NaN,NaN,25,21,35,NaN,NaN,NaN,NaN,1.66,13,10.8,4.6,0,32.9,20.7,45.8
Monaco,NaN,NaN,39,NaN,NaN,NaN,NaN,NaN,NaN,NaN,NaN,3,2,NaN,0,NaN,0.15,0,NaN,NaN,NaN,NaN,NaN,NaN,NaN,85,NaN,NaN,NaN,NaN,NaN,NaN,NaN,NaN,NaN,NaN,NaN,NaN,75.1,201.6,10.2,26.3,NaN,NaN,NaN,5.7,NaN,NaN,NaN,12.3,NaN,NaN,100,100,NaN,97,NaN,100,11.5,NaN,NaN,NaN,NaN,NaN
Mongolia,1615,1663,3278,63.8,72.8,68.1,57.1,63.8,60.3,45,99,15,8,0.01,437,NaN,0.47,0,35,17.9,5.9,21,63.6,26.9,0.1,63,7.2,1.3,155.9,1.3,2.8,29.4,96,96,92,NaN,7.93,26.7,38.5,42.1,4.1,6.8,75,NaN,NaN,6.8,7.1,0.9,10.1,14.5,12,27,30,56,86,10,32.81,52,60,6.1,0,42.8,4.3,20.6
Montenegro,311,317,628,73.2,78.7,75.9,65.2,68.7,67,6,99,2,1,0.04,16,NaN,0.67,0,22.3,21,12.2,7.6,32.9,9.6,0.1,67,10.3,0.8,78.6,NaN,0.6,31.4,84,76,NaN,NaN,1.64,NaN,27.4,53.7,0.5,2.3,53,NaN,NaN,11.3,8.1,2.2,10.2,17.2,4,16,85,45,99,45,14.67,62,19.4,2.8,0,45.1,7.6,23.3
Morocco,18317,18594,36911,71.7,74.3,73,63.7,63.7,63.7,70,87,19,12,0.02,98,NaN,0.16,3868,24.1,7.2,0.5,17,72,22.5,0,73,20.5,6.4,49.1,1.9,0.7,14.5,NaN,NaN,NaN,NaN,3.76,NaN,7.3,13.9,1.4,2.6,73,NaN,NaN,7.1,12.9,2.6,11.3,29.9,10,NaN,80,39,NaN,36,282.48,98,28.6,1.7,0,35.3,10.2,26.1
Mozambique,15188,16067,31255,54.5,61.7,58.1,47.9,52.8,50.4,289,73,71,28,3.5,368,320.2,0.59,22969482,30.6,13.6,2.7,30,55.5,180,5.5,47,1.6,0.4,110,27.6,3.7,14.3,79,62,65,NaN,8.09,NaN,0.8,4.8,NaN,0.1,41,25,32,5.6,37.8,4.4,6,47.9,16,30,NaN,NaN,NaN,NaN,132.43,5,19.9,3.7,0,38.6,2.3,7.2
Myanmar,26220,28190,54410,65.9,72.2,69.1,58.8,62.8,60.9,250,60,44,22,NaN,308,2.5,1.11,23748613,24.9,2.9,2.1,20.4,74.9,21.3,0.1,61,12.7,3.5,156.4,12.6,1.3,44.1,84,90,86,NaN,4.46,NaN,7.4,10.8,0.7,0.8,57,51,81,3.6,25.2,6.7,1.5,42.1,11,19,59,61,75,NaN,97.19,31,33.7,3.9,0,37.8,3.7,5.8
Namibia,1232,1309,2541,60.6,68.4,64.6,53.4,58.6,56.1,195,88,40,20,2.44,460,10,0.36,1094020,22.6,9.7,3.1,34.8,80.4,63.9,4,62,1.5,0.3,145,18.3,1.9,15.1,NaN,NaN,NaN,NaN,1.72,NaN,5.9,19.5,0.7,2.4,58,NaN,NaN,10.7,18.4,7.1,5,25.2,16,27,NaN,NaN,NaN,NaN,1.4,47,20.5,18,0,43.8,4.9,17.2
Nauru,NaN,NaN,11,NaN,NaN,NaN,NaN,NaN,NaN,NaN,NaN,28,18,NaN,180,NaN,0.52,10774,NaN,NaN,4.2,NaN,NaN,94,NaN,54,NaN,NaN,NaN,NaN,NaN,48.5,95,97,NaN,NaN,21.69,NaN,13.5,78.5,3.7,1.9,NaN,NaN,NaN,6.8,15,NaN,3.7,29.6,20,43,NaN,NaN,NaN,NaN,NaN,100,8.2,NaN,NaN,41.8,33.2,61
Nepal,13348,15788,29137,68.9,72.7,70.9,60.6,62.1,61.3,186,77,28,17,0.03,235,NaN,0.16,13519533,21.5,9,0.6,16.3,61.9,63,0.4,53,10.7,2.1,193.8,19.8,1.7,30.4,84,74,80,NaN,4.03,NaN,8.5,33.4,1.3,1.7,44,79,73,4,30.4,12,1.8,35.7,11,27,18,49,62,37,152.51,35,88,2.5,0,36.1,1.7,4.1
Netherlands,8537,8598,17135,80.4,83.1,81.8,71.3,71.5,71.4,5,NaN,4,3,0.02,4,NaN,0.08,4,10.3,11.8,9.7,4,NaN,2.5,0,86,NaN,NaN,13.7,0.2,0.1,22.2,94,89,93,63,NaN,NaN,40.8,116.4,5.6,2.2,84,2,7,16,1.6,NaN,5,12.8,5,21,100,97,NaN,100,NaN,100,12,0.6,0,30.5,7,20.4
New Zealand,2370,2452,4822,80.4,83.5,82,69.6,70.8,70.2,9,96,5,3,0.02,8,NaN,0.77,3,10.3,11,10.7,9.6,NaN,12.6,0,86,NaN,NaN,7.2,0.1,0.2,13.7,92,91,92,67,NaN,NaN,36.2,117.8,6.5,7.6,85,NaN,NaN,18.7,NaN,NaN,NaN,10.4,4,23,100,82,NaN,85,NaN,100,6.7,1.2,0,30.9,16.3,30.8
Nicaragua,3265,3360,6625,72.1,77.9,75,63.7,67.2,65.5,98,94,16,9,0.11,42,11.5,0.09,1595366,15.3,4.3,5.1,16.9,89.8,102.6,NaN,70,24.7,9.1,55.7,2.2,0.3,NaN,92,98,92,NaN,4.83,NaN,16.6,15.5,0.4,1.9,78,NaN,NaN,18.3,14.1,2.2,7.5,15.7,6,23,56,NaN,NaN,NaN,157.35,56,22.6,9.4,0,35.8,10.8,23.7
Niger,12170,12036,24207,62.1,64.6,63.3,55.3,55.8,55.5,509,44,78,24,0.05,83,324.1,3.44,10993882,21,5.3,0.5,25.5,45.5,154,4,37,6.5,0.9,251.8,70.8,3.3,7.4,81,60,81,NaN,5.43,NaN,0.3,2.2,NaN,NaN,46,NaN,NaN,9.4,46.7,9.8,1.9,49.5,13,NaN,NaN,16,23,4,201.49,2,89.4,9.6,0,41.5,1.4,5.5
Nigeria,104470,101670,206140,61.2,64.1,62.6,53.9,54.9,54.4,917,43,114,35,0.42,219,313.8,2.94,136378141,16.9,3.5,6.2,20.7,35.6,106,2,44,15.8,4.1,307.4,68.6,3.3,3.7,57,12,57,NaN,2.62,NaN,3.8,15,0.2,1.2,63,75,81,3.8,35.3,6.5,2.7,55.1,13,24,22,31,33,48,131.97,15,47.1,9.2,0,36.1,1.9,8.9
Niue,NaN,NaN,2,NaN,NaN,NaN,NaN,NaN,NaN,NaN,NaN,25,13,NaN,48,NaN,0.37,0,NaN,NaN,9.9,NaN,NaN,NaN,NaN,55,NaN,NaN,NaN,NaN,NaN,NaN,NaN,NaN,NaN,NaN,346.13,NaN,NaN,125,NaN,NaN,NaN,NaN,NaN,4.8,NaN,NaN,NaN,27.3,NaN,NaN,94,NaN,NaN,NaN,0.01,98,NaN,NaN,NaN,39.5,29.5,50
North Macedonia,1042,1041,2083,72.8,76.9,74.8,65.1,67.3,66.1,7,100,6,4,NaN,12,NaN,0.08,0,22.7,9.4,6.4,5.1,29.6,15.6,0.3,68,NaN,NaN,82.2,NaN,0.5,NaN,84,68,30,30,1.42,NaN,28.7,37.9,8.8,NaN,66,100,86,13.6,4.1,3.4,10,19.3,4,13,77,12,100,9,14.77,78,33.6,1.5,0,45.1,9.3,22.4
Norway,2740,2681,5421,81.1,84.1,82.6,71,71.6,71.4,2,99,2,1,0.01,3,NaN,0.02,2,8.7,11.8,7.1,2.1,NaN,2.3,0,86,NaN,NaN,8.6,0.2,0.3,16.2,97,95,96,90,NaN,NaN,50.5,184.2,9,8.8,95,2,5,17.5,NaN,NaN,NaN,12,4,20,99,65,NaN,76,NaN,100,7.6,0.6,0,30.5,9.1,23.1
Oman,3370,1736,5107,73,75.3,73.9,64.5,64.5,64.7,19,100,11,5,NaN,7,NaN,0.13,233,21.5,4.8,0.9,10.6,39.6,7.5,0.1,69,NaN,NaN,53.9,NaN,0.9,8,99,99,99,NaN,NaN,NaN,17.7,39.4,2.9,5.7,75,32,79,8,12.2,9.3,4.8,29.1,NaN,NaN,91,NaN,97,NaN,NaN,100,41.3,0.7,0,45.6,14.9,27
Pakistan,113672,107220,220892,64.6,66.7,65.6,56.9,56.8,56.9,140,68,65,40,0.12,259,2.5,0.91,25234450,29.4,8.9,0.3,13,48.6,54,0.4,45,4.5,0.5,173.6,19.6,1.6,20.2,77,74,80,NaN,2.56,NaN,11.2,4.8,1.2,1.5,52,70,82,4.9,36.7,7.1,3.4,41.3,16,29,36,NaN,80,NaN,164.83,49,62.6,6,4,43.2,3.1,8.6
Palau,NaN,NaN,18,NaN,NaN,NaN,NaN,NaN,NaN,NaN,97,17,9,NaN,64,NaN,0.03,0,NaN,NaN,NaN,NaN,NaN,33.8,0,59,NaN,NaN,NaN,NaN,NaN,17.6,96,83,75,NaN,454.31,NaN,17.7,64.6,3.3,2.8,47,NaN,NaN,15.8,NaN,NaN,NaN,28.5,14,31,91,NaN,NaN,NaN,3.76,100,8.7,NaN,NaN,44.2,31.4,55.3
Panama,2160,2155,4315,76.6,82.1,79.3,67.4,70,68.7,52,95,14,8,0.44,32,0.6,0.07,64414,10.7,2.9,7.8,13.9,65.2,67.8,2.6,77,6.2,0.7,25.8,1.9,NaN,5,74,74,74,44,2.09,NaN,16.3,32.1,3,2.2,76,NaN,NaN,22.7,14.7,NaN,10.8,21.2,8,16,NaN,NaN,NaN,NaN,2.98,88,14.5,17.2,0,36.1,10.5,22.7
Papua New Guinea,4568,4379,8947,63.4,67.4,65.3,56.2,58.1,57.1,145,56,44,21,0.39,441,164.3,1.36,6982087,36,3,2.1,12.6,49.2,68,1.1,33,NaN,NaN,152,16.3,1.4,39.3,39,27,39,NaN,12.44,NaN,0.7,4.5,NaN,0.1,NaN,NaN,NaN,6.4,48.4,NaN,8.9,34.4,31,51,NaN,NaN,30,NaN,17.13,9,12.2,11,0,27.8,9.8,21.3
Paraguay,3624,3508,7133,73.1,78.8,75.8,64.5,67.3,65.8,84,98,19,10,0.13,48,NaN,0.42,1999482,16,6,7,22,78.9,72,0.7,61,7.1,1.9,57.5,1.5,0.2,11.5,79,72,82,37,8.62,NaN,10.5,16.6,1.6,0.3,56,NaN,NaN,14.4,4.6,1,12,23,6,18,64,60,80,NaN,21.57,69,12,8,0,56.4,10.5,20.3
Peru,16379,16593,32972,78.5,81.3,79.9,69.2,69.8,69.5,88,96,13,7,0.13,116,2.3,0.06,359011,9.7,2.8,6.8,13.6,66.6,49.7,0.8,78,8.4,1.1,63.9,1.3,0.4,8.1,72,52,74,16,0.72,69.2,13.7,29.8,1.9,1,38,47,72,15.4,10.8,0.4,8,20.6,11,38,51,53,NaN,NaN,16.86,85,33.3,9.3,0,20.7,7.8,19.7
Philippines,55029,54552,109581,67.4,73.6,70.4,60.1,63.9,62,121,84,26,13,0.15,539,0.7,0.38,48539291,24.5,2.1,7,12,56,35.6,0.5,55,6.3,1.4,185.2,4.2,0.2,22.9,71,68,66,5,1.87,NaN,7.7,54.4,2.6,3.3,62,46,36,7.6,28.7,5.6,4.2,12.3,6,14,47,61,82,43,27.06,48,23.7,13.7,0,33.8,4.3,6.4
Poland,18338,19509,37847,74.5,81.9,78.3,65.9,71.3,68.7,2,100,4,3,NaN,10,NaN,0.01,14,17,11.3,11.9,9.4,NaN,9.4,0,74,14.1,1.3,37.9,NaN,0.5,24,90,95,62,NaN,NaN,NaN,37.7,68.7,10.3,9.7,69,15,18,11,2.3,NaN,6.7,NaN,3,13,98,91,NaN,82,NaN,100,21.9,0.8,0,49.2,9.1,23.1
Portugal,4824,5373,10197,78.6,84.4,81.6,69.6,72.2,71,8,99,3,2,0.07,16,NaN,0.02,1,11,11.5,12.1,8.2,NaN,7.6,0.1,84,NaN,NaN,9.8,0.2,0.3,25.4,99,95,98,78,NaN,NaN,54.8,74.1,10.6,9.4,85,NaN,NaN,13.7,3.3,0.6,8.5,13.2,4,18,95,85,NaN,74,NaN,100,8.4,0.9,0,32.3,10.4,20.8
Qatar,2165,716,2881,78,76.6,77.2,68.1,65.1,67.1,9,100,6,4,0.07,34,NaN,0.05,28,10.7,5.8,1.5,7.3,68.9,7.2,0,74,NaN,NaN,47.4,NaN,0.3,11.8,82,90,70,NaN,NaN,NaN,24.9,72,6.1,8.9,92,32,40,6.5,4.6,NaN,13.9,28.1,NaN,NaN,96,97,NaN,100,NaN,100,81.6,0.5,0,40.9,19.5,35.1
Republic of Korea,25666,25603,51269,80.3,86.1,83.3,71.3,74.7,73.1,11,100,3,1,NaN,49,NaN,0.09,0,7.3,28.6,8.5,8.6,NaN,0.9,0,87,12,2.9,20.5,1.8,0.2,20.8,NaN,NaN,NaN,NaN,NaN,NaN,24.8,81.8,5.2,7.6,95,48,38,14.3,2.2,NaN,8.8,13.5,8,NaN,99,100,NaN,100,NaN,100,26.5,0.8,0,26.7,8.5,4.7
Republic of Moldova,1932,2102,4034,69.3,77.1,73.3,61.9,67.1,64.5,19,100,14,11,0.24,74,NaN,0.2,30,24.1,14.7,12.9,7.3,63.9,18.4,0.1,67,18.7,3.6,78.3,NaN,5.5,29,86,93,72,40,2.92,25,31,46.8,4.1,3,60,56,89,12.1,4.9,1.9,4.3,26.1,9,27,74,NaN,NaN,38,25.06,96,14.1,4.1,0,48.3,4.2,18.9
Romania,9354,9884,19238,72,79.3,75.6,64.3,69.4,66.8,19,93,7,3,0.04,64,NaN,0.29,0,21,9.7,12.3,10.3,NaN,37.2,1.4,71,13.4,2.2,59.3,0.4,1.9,28,87,75,85,NaN,NaN,NaN,29.8,73.9,8,9.1,NaN,NaN,NaN,12.7,9.7,NaN,6.7,22.7,7,18,82,83,NaN,48,NaN,88,15.7,1.3,0,48.4,8.1,22.5
Russian Federation,67640,78294,145934,68.2,78,73.2,60.7,67.5,64.2,17,100,5,2,NaN,46,NaN,0.55,278,24.2,25.1,10.5,12,NaN,16.2,0.1,75,7.7,0.9,49.4,0.1,3.8,26.8,97,96,87,NaN,NaN,NaN,38.2,62.3,3.5,0.4,100,29,73,10.2,NaN,NaN,NaN,21.1,NaN,NaN,76,61,NaN,13,NaN,86,11.2,7.8,0,44.3,7.1,23.1
Rwanda,6367,6585,12952,66.9,71.2,69.1,59,61.4,60.2,248,94,40,18,0.34,58,230.5,0.49,5011488,20.2,5.6,8,29.4,62.9,31.8,0.3,54,1.1,0.1,121.4,19.3,1.7,13.7,91,91,91,68,10.28,NaN,1.2,9.5,0.2,0.7,67,NaN,NaN,8.9,32.6,1.1,5.2,17.2,23,38,12,NaN,5,NaN,46.49,2,39.4,4.3,0,29.8,1.7,5.8
Saint Kitts and Nevis,NaN,NaN,53,NaN,NaN,NaN,NaN,NaN,NaN,NaN,100,15,10,NaN,4,NaN,0.06,20,NaN,NaN,6.3,NaN,NaN,NaN,NaN,72,NaN,NaN,NaN,NaN,NaN,NaN,99,99,NaN,NaN,NaN,NaN,27.7,42.2,2.3,NaN,63,NaN,NaN,6.6,NaN,NaN,NaN,15.4,NaN,NaN,NaN,NaN,NaN,NaN,NaN,100,9.7,NaN,NaN,45.1,12.3,22.9
Saint Lucia,90,93,184,71.3,77.7,74.3,63,66.6,64.7,117,100,24,13,NaN,2,NaN,0.22,1318,17.7,7.9,9.6,29.8,72,25.3,0.9,72,6.6,1.9,30,0.6,0.1,NaN,86,71,NaN,74,26.32,NaN,6.4,31.5,1.7,4.4,59,NaN,NaN,8.2,2.8,3.7,6.9,14.3,NaN,NaN,NaN,NaN,NaN,NaN,0.36,94,22.9,20.2,0,39.8,8.8,19.7
Saint Vincent and the Grenadines,56,55,111,71.3,75.3,73.2,62.9,65.1,64,68,99,14,9,NaN,7,NaN,0.15,1790,20.7,1,7.2,7.4,NaN,47.2,0.7,73,NaN,NaN,47.6,1.3,NaN,NaN,97,99,NaN,12,10.65,NaN,9.4,70.1,1.7,NaN,22,NaN,NaN,9.5,NaN,NaN,NaN,17,NaN,NaN,NaN,NaN,NaN,NaN,1.8,94,23.1,29.4,0,39.3,12.4,23.7
Samoa,103,96,198,69.2,71.8,70.5,61.8,62.5,62.1,43,89,17,7,NaN,6,NaN,0.34,191219,31.2,12.6,2.8,13,39.4,54.9,0.4,53,NaN,NaN,85,1.5,0.4,25.3,79,44,NaN,NaN,52.8,NaN,6,32.7,1,0.3,NaN,NaN,NaN,14,6.8,3.1,7.1,26.8,18,40,46,48,79,47,0.84,36,11,2.8,0,38.3,21.7,47.3
San Marino,NaN,NaN,34,NaN,NaN,NaN,NaN,NaN,NaN,NaN,NaN,2,1,NaN,0,NaN,0.13,0,NaN,NaN,NaN,NaN,NaN,NaN,0,82,NaN,NaN,NaN,NaN,NaN,NaN,89,79,82,50,NaN,NaN,61.1,82.1,17.8,6.7,NaN,NaN,NaN,23.4,NaN,NaN,NaN,12.5,NaN,NaN,100,70,NaN,90,NaN,100,10.1,NaN,NaN,NaN,NaN,NaN
Sao Tome and Principe,110,109,219,68.8,72,70.4,60.9,62.2,61.6,130,97,16,8,NaN,118,8.8,1.31,210238,21,1.5,5.8,27.9,57.7,86.1,0.4,60,4.8,1.1,162.4,11.4,0.7,5.7,NaN,NaN,NaN,NaN,19.08,NaN,4.9,21.5,0.3,1.7,35,NaN,NaN,10.8,11.8,4.1,4,44.2,18,27,36,35,55,NaN,6.51,3,38.4,5.6,0,45.1,3.5,12.4
Saudi Arabia,20131,14683,34814,73.1,76.1,74.3,63.8,64.4,64,17,99,7,3,0.05,8,NaN,0,1051,20.9,6,0,35.9,NaN,NaN,NaN,73,1.3,0.6,83.7,NaN,0.8,14.3,95,96,95,NaN,NaN,NaN,27.4,58.2,5.6,8.6,91,100,58,11.1,3.9,NaN,7.6,27.5,NaN,NaN,NaN,59,NaN,80,NaN,100,64,1.9,0,34,17.4,35.4
Senegal,8171,8573,16744,66.8,70.1,68.6,58.8,59.9,59.4,315,74,38,21,0.08,117,49.9,0.93,5590970,19.5,6,0.7,23.5,53.2,71.3,0.9,49,NaN,NaN,160.7,23.9,1.9,6.9,91,69,92,31,6.13,7.7,0.9,5.4,0.1,0.1,60,NaN,NaN,4.3,17.2,8.1,2.1,52.7,12,24,NaN,24,22,14,128.86,24,59.8,7.6,0,40.5,1.8,8.8
Serbia,4280,4458,8737,73.5,78.3,75.9,65.4,68.4,66.9,12,100,6,4,0.02,13,NaN,0.04,0,22,11.4,8.9,7.5,38.4,12,0.3,71,8.1,0.5,62.5,0.7,0.3,39.8,92,84,87,NaN,1.37,NaN,31.1,60.9,2.1,8.1,68,NaN,NaN,12,5.3,2.6,10.8,22.8,4,17,75,18,NaN,27,36.33,80,25.1,1.2,0,46.1,9.8,21.5
Seychelles,50,48,98,70,77.1,73.3,61.9,66.4,64,53,100,14,8,NaN,11,NaN,0.09,1,21.1,8.1,8.8,11.3,NaN,68.3,1.1,70,2.6,1.3,49.3,0.2,0.5,20.2,97,99,94,24,NaN,NaN,22.5,229.5,4.3,12.8,48,NaN,NaN,10.2,7.4,4.3,9.8,25.1,NaN,NaN,NaN,NaN,NaN,NaN,NaN,100,13.7,14.8,0,44.3,10.8,14
Sierra Leone,3981,3996,7977,59.6,61.9,60.8,52.5,53.3,52.9,1120,87,108,31,0.7,298,328.2,1.98,7617601,23.5,6.7,5.3,33,53,102,3.9,39,16.4,3,324.1,81.3,2.8,13.5,91,67,91,NaN,8.53,NaN,0.7,7.5,NaN,0.2,51,NaN,NaN,5.8,26.8,5.4,4.7,48.4,20,36,11,14,21,8,32.71,1,56,7.9,0,40.8,2.5,8.7
Singapore,3062,2788,5850,81,85.5,83.2,72.4,74.7,73.6,8,100,2,1,0.01,46,NaN,0.13,35315,9.5,11.2,2,2.1,NaN,2.1,0,86,9,1.5,25.9,NaN,NaN,16.5,NaN,NaN,NaN,NaN,NaN,NaN,24.6,62.4,4.1,5.1,94,NaN,31,14.5,2.8,NaN,4.8,13,2,11,100,100,NaN,100,NaN,100,17.2,0.3,0,31.5,6.8,6.1
Slovakia,2658,2801,5460,74.8,81.4,78.2,66.2,70.8,68.5,5,98,6,3,NaN,3,NaN,0.31,3,15.5,12.1,11.1,6.1,NaN,26.9,0.3,77,2.6,NaN,33.5,NaN,0.5,31.5,97,98,96,NaN,NaN,NaN,35.6,60.5,5.2,8.2,64,NaN,NaN,12.8,NaN,NaN,NaN,23.5,6,18,99,82,NaN,80,NaN,100,18.3,1.1,0,42.7,8.1,20.5
Slovenia,1035,1044,2079,78.6,84.1,81.3,69,72.5,70.7,7,100,2,1,0.01,4,NaN,1.12,2,11.4,19.8,12.1,5.1,NaN,4.3,0.1,80,3.7,0.3,22.6,NaN,0.2,22,95,91,70,59,NaN,NaN,32.8,104.6,7.3,7.3,78,NaN,NaN,14.2,NaN,NaN,NaN,21.8,3,18,98,72,NaN,67,NaN,100,16.8,0.9,0,45.3,9.2,20.2
Solomon Islands,349,338,687,62.9,67.9,65.2,56.5,59.1,57.8,104,86,19,8,NaN,65,167.7,0.87,503483,39.2,14.7,1.7,16.5,38,78,NaN,50,NaN,NaN,137,6.2,2.3,36.5,94,51,93,22,28.22,NaN,1.9,21.6,0.7,1.2,51,NaN,NaN,10.4,29.3,8.5,4,37.7,28,50,NaN,NaN,NaN,NaN,21.05,9,11.8,3.9,0,29.8,4.3,22.5
Somalia,7924,7969,15893,54,59.2,56.5,48.3,51.3,49.7,829,32,115,37,0.02,259,52.2,6.32,3698691,30.4,7.9,0,27.4,2.1,118,1.2,27,0.1,0,212.8,86.6,4.9,NaN,42,NaN,NaN,NaN,5.41,NaN,0.2,1.1,NaN,NaN,33,47,NaN,NaN,27.4,NaN,2.9,43.1,NaN,NaN,NaN,32,25,NaN,22.28,3,27.7,5.4,0,36.1,3,8.3
South Africa,29216,30093,59309,62.2,68.3,65.3,54.6,57.7,56.2,119,97,32,11,4.6,554,0.8,3.1,16502598,24.1,23.5,9.5,22.2,79.7,43.9,1.2,67,1,0.1,86.7,13.7,1.7,20.3,84,76,83,NaN,0.81,NaN,7.9,49.7,1.1,2.7,68,20,28,15.3,23.2,3.4,12.9,30.5,13,24,NaN,NaN,44,61,3.96,87,29.4,35.9,0,44.1,11.3,28.3
South Sudan,5603,5591,11194,60.8,64.8,62.8,52.9,54.5,53.7,1150,NaN,98,40,1.37,232,286.9,13.03,8571203,16.8,3.9,NaN,36.7,NaN,NaN,NaN,32,13.4,4,165.1,63.3,2.3,NaN,49,NaN,NaN,NaN,11.72,NaN,0.4,3.4,NaN,0.3,54,NaN,NaN,2.1,30.6,NaN,5.7,35.6,27,41,NaN,NaN,NaN,NaN,25.75,0,34.6,14.3,0,34.2,NaN,NaN
Spain,22978,23776,46755,80.7,85.7,83.2,71.3,72.9,72.1,4,100,3,2,0.08,7,NaN,0.13,1,9.6,7.7,12.7,3.9,NaN,6,0.1,86,7.9,1.1,9.9,0.2,0.4,27.7,98,94,88,79,NaN,NaN,44.4,61.4,8.3,12.4,80,NaN,NaN,15.3,NaN,NaN,NaN,13.4,3,15,100,96,NaN,86,NaN,100,9.5,0.6,0,27.2,10.8,23.8
Sri Lanka,10267,11146,21413,73.8,79.8,76.9,65.1,69,67,36,100,7,4,0.01,64,NaN,0.34,34498,13.2,14,2.9,19.7,74.3,21,0,67,5.4,0.9,79.8,1.2,0.4,22,96,96,NaN,51,0.86,68.3,12.3,25,1.1,1,64,53,62,9.2,16,15.1,1.3,34.6,4,24,NaN,NaN,NaN,NaN,132.02,32,16.8,2.3,0,35.6,4.8,5.2
Sudan,21907,21942,43849,67.6,70.8,69.1,59.6,60.3,59.9,295,78,57,27,0.09,63,73.4,1.66,12458017,22.8,3.8,NaN,26.8,30.1,86.8,2.3,44,NaN,NaN,184.9,17.3,1.7,NaN,90,68,90,NaN,2.66,41,2.6,11.5,2.1,0.3,44,100,100,5.6,33.7,16.3,2.7,36.5,17,NaN,NaN,NaN,13,NaN,32.59,55,43,5.8,0,40.8,NaN,NaN
Suriname,295,292,587,68.5,74.6,71.5,60.7,64.2,62.4,120,98,18,11,0.3,29,1.7,0.07,617,22.7,25.4,7.4,15.3,57.5,55.8,2,67,4.9,1.4,56.7,2,0.3,NaN,51,50,NaN,4,7.41,NaN,8.2,39.3,0.6,0.4,46,NaN,NaN,15.7,8,5.5,4,21,8,28,56,25,72,24,0.45,94,30.2,5.8,0,42.9,13.9,26.4
Sweden,5059,5040,10099,80.8,84,82.4,71.7,72.1,71.9,4,NaN,3,1,NaN,4,NaN,0.13,18,8.4,14.7,9,3.1,86.7,3.4,0,87,NaN,NaN,7.2,0.2,0.2,24,97,95,97,82,NaN,NaN,70.9,118.5,8.2,16.2,88,5,8,18.8,NaN,NaN,NaN,13.6,6,21,100,95,NaN,95,NaN,100,6,1.1,0,30.2,6.7,20.6
Switzerland,4294,4361,8655,81.8,85.1,83.4,72.2,72.8,72.5,5,NaN,4,3,NaN,5,NaN,0.16,0,7.9,14.5,11.2,2.2,NaN,2,0,87,NaN,NaN,10.1,0.1,0.2,25.5,96,93,86,63,NaN,NaN,43.8,182.6,4.1,6.7,92,25,11,11.1,NaN,NaN,NaN,11.3,2,12,94,100,NaN,99,NaN,100,10.3,0.5,0,21.9,5.8,19.5
Syrian Arab Republic,8760,8741,17501,71.2,74.3,72.7,62.5,63.3,62.9,31,NaN,22,11,0.01,19,NaN,0.69,2440286,22.1,2,0.2,14.9,NaN,NaN,NaN,56,NaN,NaN,75.2,3.7,0.6,NaN,49,53,NaN,NaN,4.04,NaN,12.9,15.4,7.2,10.7,58,25,0,NaN,29.6,NaN,18.2,32.8,NaN,NaN,NaN,NaN,83,NaN,35.57,97,35.6,2.6,0,41.1,11.5,27.8
Tajikistan,4806,4732,9538,67.6,71.5,69.5,60.9,63.2,62,17,95,32,14,0.09,84,NaN,0.18,3375143,28.3,4.3,0.9,15.7,52.1,45.6,0,66,10.2,2.2,129.3,2.7,0.4,NaN,97,97,NaN,NaN,4.57,15,17.2,47.5,1.6,NaN,57,NaN,NaN,6.6,15.3,5.6,3.5,35.2,14,24,55,NaN,73,NaN,93.68,82,46.5,1.8,0,46.8,3,14.2
Thailand,33966,35834,69800,74.4,81,77.7,65.9,70.6,68.3,37,99,9,5,0.1,150,0.2,0.27,50131,13.7,8.8,8.5,32.2,88.2,31.7,0,83,1.9,0.3,61.5,3.5,0.2,22.1,97,87,NaN,NaN,0.24,NaN,9.5,31.5,2.7,6.3,88,11,39,13.9,12.3,7.7,9.2,24,9,24,NaN,26,85,24,1.51,84,31.9,4.3,0,29.2,11.3,10
TimorNaNLeste,666,652,1318,67.9,71.4,69.6,59.8,62,60.9,142,57,42,19,0.1,508,NaN,0.72,1361778,19.9,3.7,0.5,11.9,45.9,41.9,0.4,53,2.6,0.6,139.8,9.9,0.4,39.2,86,78,NaN,NaN,29.44,NaN,7.6,17.5,NaN,2.1,60,21,62,4.8,48.8,9.9,2.6,29.9,28,38,NaN,NaN,28,NaN,3.9,14,17.7,4.7,0,35.3,4.2,3.8
Togo,4119,4159,8279,61.5,67.2,64.3,54.7,57.8,56.2,396,69,64,24,0.45,36,228.9,3.27,4603985,23.9,8.8,2.7,28.7,39.6,79,1.5,44,13.4,2.4,249.6,41.6,1.9,6.8,82,46,82,NaN,4.67,NaN,0.8,5.1,NaN,0.3,57,NaN,NaN,5.4,23.8,5.7,2.4,45.7,13,25,20,9,17,15,9.97,10,46.1,8.9,0,36,2,8.4
Tonga,53,53,106,69.8,75.6,72.6,62.7,65.5,64,52,98,11,5,NaN,10,NaN,0.89,37131,24.8,3.8,0.4,33,49.9,NaN,0,56,NaN,NaN,73.3,1.4,1.1,31,99,99,NaN,NaN,62.37,NaN,9.5,45.4,1.4,0.8,55,NaN,NaN,7.5,2.6,1.1,12.6,28.5,17,37,30,34,70,29,0.56,84,11.1,3.4,0,43.3,26.7,48.2
Trinidad and Tobago,691,709,1399,72.5,79.9,76.1,64,68.6,66.2,67,100,17,11,0.07,18,NaN,0.19,59,17.1,8.7,6.5,9.3,NaN,NaN,NaN,73,3.9,1.9,38.6,0.1,0.1,NaN,NaN,NaN,NaN,NaN,NaN,0,44.8,40.7,3.2,6.6,NaN,NaN,26,10.2,8.7,NaN,11,17.7,7,28,NaN,NaN,NaN,NaN,NaN,100,24.4,39.4,0,42.4,11.1,18.6
Tunisia,5861,5958,11819,74.9,79.2,77,66.1,67.7,66.9,43,100,17,12,0.03,36,NaN,0.12,4902,15.7,3.3,2,16.5,62.7,6.3,0,70,16.7,2.4,56.1,1,0.7,24.6,92,92,82,NaN,2.65,NaN,13,25.1,3.1,2.3,66,14,31,12.6,8.6,2.1,16.5,32.1,10,25,79,81,84,60,292.57,100,32.5,3.5,0,34.7,8.5,26.9
Turkey,41636,42703,84339,76.4,80.7,78.6,67.8,69,68.4,17,97,9,5,NaN,15,NaN,0.11,0,15.6,2.4,1.8,6.7,60.1,14.7,0,79,3.2,0.4,46.6,0.3,0.4,30.7,98,93,95,NaN,0.35,NaN,19.3,30.5,3.9,4.1,NaN,NaN,NaN,9.5,NaN,1.7,NaN,NaN,12,32,NaN,78,NaN,63,66.21,95,36.9,4.8,0,32.8,11.5,32.1
Turkmenistan,2969,3062,6031,66.5,73,69.7,59.9,64.3,62.1,7,100,42,24,NaN,47,NaN,0.07,395,27.7,5.7,3.1,13.5,79.6,22.4,0,73,NaN,NaN,79.3,4,0.6,5.5,98,99,23,99,0.66,NaN,22.2,44.3,1.2,1.7,81,NaN,NaN,8.7,7.6,4.1,3.8,26.6,NaN,NaN,95,NaN,100,NaN,0.01,100,33.3,2.8,0,39,4.7,18.6
Tuvalu,NaN,NaN,12,NaN,NaN,NaN,NaN,NaN,NaN,NaN,100,22,10,NaN,296,NaN,0.24,11500,NaN,NaN,1.3,NaN,NaN,43.8,0,52,NaN,NaN,NaN,NaN,NaN,35.6,95,85,NaN,NaN,82.02,NaN,11.9,34.7,0.8,1.7,61,NaN,NaN,13.8,9.7,NaN,6.4,27.5,20,39,NaN,NaN,NaN,2,3.27,71,NaN,NaN,NaN,50.4,27.2,51.6
Uganda,22547,23194,45741,63.2,70.1,66.7,56,60.4,58.2,375,74,43,19,0.95,196,283.8,0.96,23171373,21.2,4.6,12.5,29.4,55.1,127.9,1.1,50,15.3,3.8,155.7,31.6,1.7,8.4,89,NaN,89,30,5.21,NaN,1.5,16.4,NaN,0.4,68,75,88,3.1,27.9,3.5,4,32.8,26,45,17,NaN,23,NaN,167.65,1,45.7,13.9,0,32.5,1.7,5.3
Ukraine,20263,23471,43734,68,77.8,73,60.6,67.8,64.3,19,100,8,5,0.21,73,NaN,0.25,17,25.5,21.6,8.3,10.2,68,14.7,0.1,73,8.3,1.1,70.7,0.3,2.5,25.8,81,82,NaN,NaN,0.83,19.8,29.9,66.6,6,0.3,65,18,50,7.7,15.9,NaN,17,17.7,9,18,89,72,NaN,34,35.96,95,14.9,6.3,0,43.1,7,24.1
United Arab Emirates,6836,3054,9890,75.1,78.4,76.1,65.8,66.2,66,3,99,7,4,0.13,1,NaN,0.02,78,18.5,6.4,3.8,8.9,NaN,3.7,0,78,0.4,NaN,54.7,NaN,0.4,NaN,90,92,84,29,NaN,NaN,26,57.5,6.7,12.1,96,43,54,7.4,NaN,NaN,NaN,24.3,NaN,NaN,NaN,99,NaN,96,NaN,100,42.2,0.7,0,41.4,17.3,31.7
United Kingdom,33542,34344,67886,79.8,83,81.4,69.6,70.6,70.1,7,NaN,4,3,NaN,7,NaN,0.41,0,10.3,7.9,11.4,3.2,86.5,10.9,0,88,2.3,0.4,13.8,0.2,0.3,15.4,93,87,91,64,NaN,NaN,30,88.5,5.4,8.4,93,4,10,19.7,NaN,NaN,NaN,11.1,4,24,100,98,NaN,99,NaN,100,10.4,1.3,0,26.4,10.2,27.8
United Republic of Tanzania,29851,29883,59734,65.4,69.3,67.3,57.6,59.3,58.5,524,64,49,20,1.26,222,120.2,0.99,29038890,17.4,4.3,12,31.1,55.1,138.9,1.5,46,4.3,0.8,139,38.4,2,8.7,86,67,80,58,5.56,0,0.5,5.7,0.1,0.3,54,50,75,9.6,32,3.5,5.5,38.9,24,38,NaN,26,48,NaN,136.63,4,24.6,8.1,0,33.2,2.5,8.4
United States of America,163786,167217,331003,76.3,80.7,78.5,65.2,67,66.1,19,99,6,3,NaN,2,NaN,0.01,466,13.6,16.1,10,12.7,78.4,16.7,0.3,83,4.3,0.8,13.3,0.2,0.5,23,93,95,82,49,NaN,NaN,26.1,156.8,6.1,NaN,91,NaN,NaN,22.4,3.2,0.1,8.8,11.8,6,26,97,98,NaN,91,NaN,100,7.7,5.8,0,31.6,21.4,36.2
Uruguay,1678,1795,3474,73.5,80.6,77.1,65.4,69.5,67.5,17,100,6,4,0.19,32,NaN,0.15,10,16.5,21.2,6.9,14.8,NaN,32.6,0.7,79,2.3,0.2,17.5,0.4,0.5,21.5,92,91,94,25,NaN,NaN,49.4,72.2,14.5,NaN,66,NaN,NaN,20.1,6.5,1.4,10.3,15,4,18,NaN,NaN,NaN,NaN,NaN,100,10,8.5,0,42.4,13.8,27.9
Uzbekistan,16697,16772,33469,70.8,75.2,73,63.5,65.8,64.7,29,100,14,8,0.08,66,NaN,0.16,405951,25.3,8,2.6,11.7,NaN,18.9,0,71,NaN,NaN,81.1,0.4,0.8,17.6,95,99,93,100,3.03,NaN,23.7,112.8,1.5,0.4,65,NaN,NaN,8.3,9.9,1.8,5,24.8,NaN,NaN,59,NaN,NaN,32,126.58,84,33.9,1.5,0,45.7,4,16.6
Vanuatu,156,151,307,62.7,68.3,65.3,56.4,59.4,57.8,72,89,25,11,NaN,38,3,2.25,299059,39.7,18,2.1,14.9,50.7,81,NaN,52,NaN,NaN,135.6,10.4,0.7,17.8,78,NaN,NaN,NaN,33.94,NaN,1.7,14.2,0.3,1.2,74,NaN,NaN,5,28.7,4.7,4.9,28.5,29,47,NaN,NaN,NaN,NaN,6.45,8,11.1,2.3,0,39.5,8.3,25.2
Venezuela (Bolivarian Republic of),13985,14451,28436,69.9,78.2,73.9,61.9,67.1,64.4,125,99,24,15,0.08,47,16.3,0.15,8062740,14.8,2,3.6,39,NaN,83.8,3.2,70,NaN,NaN,34.6,1.4,0.2,NaN,54,28,0,NaN,0.68,NaN,17.3,20.7,1.4,NaN,75,NaN,NaN,11.6,10.6,NaN,6.7,24.2,8,19,NaN,23,NaN,NaN,1.02,97,20.1,63.6,0,39.4,14.1,25.6
Viet Nam,48598,48740,97339,69.6,78.1,73.7,62.4,68.3,65.3,43,96,21,10,0.06,176,NaN,0.64,7844098,21.2,7.5,7.9,30.6,69.6,29,0,70,8.5,1.7,64.5,1.6,0.9,24.8,94,93,NaN,NaN,1.26,NaN,8.3,14.5,NaN,3.4,64,NaN,NaN,10.1,22.3,5.8,6,20.6,10,25,NaN,NaN,86,NaN,428.07,65,23.8,1.9,0,29.7,2.6,2.1
Yemen,15025,14801,29826,64.4,68.9,66.6,56.9,58.2,57.5,164,45,60,28,0.04,49,40.6,1.76,11632682,27.6,5.8,NaN,29.4,40.5,67.2,1,44,15.8,4.2,194.2,10.2,1.8,20.3,72,46,72,NaN,5.55,NaN,5.3,7.9,0.2,1.1,55,71,100,NaN,37.2,16.4,2.7,61.5,NaN,NaN,NaN,19,NaN,34,51.97,62,40.3,9.7,0,29.3,7,17.1
Zambia,9103,9281,18384,59.5,65.4,62.5,52.5,56.3,54.4,213,80,61,24,3.64,319,186.9,1.32,12810245,24.6,7.3,4.5,20.5,65.9,135,2.9,55,NaN,NaN,127.2,34.9,2.6,14.4,84,66,85,69,8.43,16.7,1.2,10.2,0.3,1,56,100,100,7,32.3,4.2,5.7,31.5,28,41,NaN,NaN,18,NaN,68.86,10,29.4,6.5,0,32.3,2.9,8.1
Zimbabwe,7092,7771,14863,57.5,63.6,60.7,51.2,54.8,53.1,458,86,54,26,1.74,193,98.5,2.74,8029929,28.4,14.1,4.5,41.2,84.8,107.9,1.1,55,11.8,7,133,24.6,3.5,11.7,86,74,86,NaN,10.96,NaN,2,21.4,0.2,1.1,59,NaN,NaN,8.7,23,2.9,3.6,28.9,18,35,30,26,42,23,18.05,30,24.6,13.1,0,42.3,4,15.5
